"id;idcentro;idproducto;idtipoagravio;cantexistencia;unidad;fechareportado;unidadestotales;precio;montototal;empleadonombre;empleadodui"
"1;1;2;1;1;Repuesto;2016-01-05;5;25.65;128.25;Juan Perez;2448793"
"2;2;4;2;3;Mayoreo;2016-01-06;10;84.65;846.5;Rolando Lobos;3658878"
"3;3;6;3;5;Mayoreo;2016-01-07;15;143.65;2154.75;Alexander Aquino;2448793"
"4;4;8;4;7;Mayoreo;2016-01-08;20;10.35;207;Erick Portillo;3658878"
"5;5;10;5;9;Mayoreo;2016-01-09;25;11.5;287.5;Walter Carias;2448793"
"6;6;12;1;11;Mayoreo;2016-01-10;30;12.45;373.5;Tomas Hermandez;3658878"
"7;1;14;2;13;Mayoreo;2016-01-11;35;13;455;Mario Rojas;2448793"
"8;2;16;3;15;Mayoreo;2016-01-12;40;14.05;562;Juan Perez;3658878"
"9;3;18;4;17;Mayoreo;2016-01-13;45;14.94;672.3;Rolando Lobos;2448793"
"10;4;20;5;19;Mayoreo;2016-01-14;50;15.83;791.5;Alexander Aquino;3658878"
"11;5;22;1;21;Repuesto;2016-01-15;55;16.72;919.6;Erick Portillo;2448793"
"12;6;24;2;23;Repuesto;2016-01-16;60;17.61;1056.6;Walter Carias;3658878"
"13;1;26;3;25;Repuesto;2016-01-17;65;18.5;1202.5;Tomas Hermandez;2448793"
"14;2;28;4;1;Repuesto;2016-01-18;70;19.39;1357.3;Mario Rojas;3658878"
"15;3;30;5;3;Repuesto;2016-01-19;75;20.28;1521;Juan Perez;2448793"
"16;4;32;1;5;Repuesto;2016-01-20;80;21.17;1693.6;Rolando Lobos;3658878"
"17;5;34;2;7;Repuesto;2016-01-21;85;22.06;1875.1;Alexander Aquino;2448793"
"18;6;36;3;9;Mayoreo;2016-01-22;90;22.95;2065.5;Erick Portillo;3658878"
"19;1;38;4;11;Mayoreo;2016-01-23;95;23.84;2264.8;Walter Carias;2448793"
"20;2;40;5;13;Mayoreo;2016-01-24;100;24.73;2473;Tomas Hermandez;3658878"
"21;3;42;1;15;Mayoreo;2016-01-25;105;25.62;2690.1;Mario Rojas;2448793"
"22;4;44;2;17;Mayoreo;2016-01-26;110;26.51;2916.1;Juan Perez;3658878"
"23;5;46;3;19;Mayoreo;2016-01-27;115;27.4;3151;Rolando Lobos;2448793"
"24;6;48;4;21;Mayoreo;2016-01-28;120;28.29;3394.8;Alexander Aquino;3658878"
"25;1;50;5;23;Mayoreo;2016-01-29;125;29.18;3647.5;Erick Portillo;2448793"
"26;2;52;1;25;Mayoreo;2016-01-30;130;30.07;3909.1;Walter Carias;3658878"
"27;3;54;2;1;Repuesto;2016-01-31;135;30.96;4179.6;Tomas Hermandez;2448793"
"28;4;56;3;3;Repuesto;2016-02-01;140;31.85;4459;Mario Rojas;3658878"
"29;5;58;4;5;Repuesto;2016-02-02;145;32.74;4747.3;Juan Perez;2448793"
"30;6;60;5;7;Repuesto;2016-02-03;150;33.63;5044.5;Rolando Lobos;3658878"
"31;1;62;1;9;Repuesto;2016-02-04;5;34.52;172.6;Alexander Aquino;2448793"
"32;2;64;2;11;Repuesto;2016-02-05;10;35.41;354.1;Erick Portillo;3658878"
"33;3;66;3;13;Repuesto;2016-02-06;15;36.3;544.5;Walter Carias;2448793"
"34;4;68;4;15;Mayoreo;2016-02-07;20;37.19;743.8;Tomas Hermandez;3658878"
"35;5;70;5;17;Mayoreo;2016-02-08;25;38.08;952;Mario Rojas;2448793"
"36;6;72;1;19;Mayoreo;2016-02-09;30;38.97;1169.1;Juan Perez;3658878"
"37;1;74;2;21;Mayoreo;2016-02-10;35;39.86;1395.1;Rolando Lobos;2448793"
"38;2;76;3;23;Mayoreo;2016-02-11;40;40.75;1630;Alexander Aquino;3658878"
"39;3;78;4;25;Mayoreo;2016-02-12;45;41.64;1873.8;Erick Portillo;2448793"
"40;4;80;5;1;Mayoreo;2016-02-13;50;42.53;2126.5;Walter Carias;3658878"
"41;5;82;1;3;Mayoreo;2016-02-14;55;43.42;2388.1;Tomas Hermandez;2448793"
"42;6;84;2;5;Mayoreo;2016-02-15;60;44.31;2658.6;Mario Rojas;3658878"
"43;1;86;3;7;Repuesto;2016-02-16;65;45.2;2938;Juan Perez;2448793"
"44;2;88;4;9;Repuesto;2016-02-17;70;46.09;3226.3;Rolando Lobos;3658878"
"45;3;90;5;11;Repuesto;2016-02-18;75;46.98;3523.5;Alexander Aquino;2448793"
"46;4;92;1;13;Repuesto;2016-02-19;80;47.87;3829.6;Erick Portillo;3658878"
"47;5;94;2;15;Repuesto;2016-02-20;85;48.76;4144.6;Walter Carias;2448793"
"48;6;96;3;17;Repuesto;2016-02-21;90;49.65;4468.5;Tomas Hermandez;3658878"
"49;1;98;4;19;Repuesto;2016-02-22;95;50.54;4801.3;Mario Rojas;2448793"
"50;2;100;5;21;Mayoreo;2016-02-23;100;51.43;5143;Juan Perez;3658878"
"51;3;102;1;23;Mayoreo;2016-02-24;105;52.32;5493.6;Rolando Lobos;2448793"
"52;4;104;2;25;Mayoreo;2016-02-25;110;53.21;5853.1;Alexander Aquino;3658878"
"53;5;106;3;1;Mayoreo;2016-02-26;115;54.1;6221.5;Erick Portillo;2448793"
"54;6;108;4;3;Mayoreo;2016-02-27;120;54.99;6598.8;Walter Carias;3658878"
"55;1;110;5;5;Mayoreo;2016-02-28;125;55.88;6985;Tomas Hermandez;2448793"
"56;2;112;1;7;Mayoreo;2016-02-29;130;56.77;7380.1;Mario Rojas;3658878"
"57;3;114;2;9;Mayoreo;2016-03-01;135;57.66;7784.1;Juan Perez;2448793"
"58;4;116;3;11;Mayoreo;2016-03-02;140;58.55;8197;Rolando Lobos;3658878"
"59;5;118;4;13;Repuesto;2016-03-03;145;59.44;8618.8;Alexander Aquino;2448793"
"60;6;120;5;15;Repuesto;2016-03-04;150;60.33;9049.5;Erick Portillo;3658878"
"61;1;122;1;17;Repuesto;2016-03-05;5;61.22;306.1;Walter Carias;2448793"
"62;2;124;2;19;Repuesto;2016-03-06;10;62.11;621.1;Tomas Hermandez;3658878"
"63;3;126;3;21;Repuesto;2016-03-07;15;63;945;Mario Rojas;2448793"
"64;4;128;4;23;Repuesto;2016-03-08;20;63.89;1277.8;Juan Perez;3658878"
"65;5;130;5;25;Repuesto;2016-03-09;25;64.78;1619.5;Rolando Lobos;2448793"
"66;6;132;1;1;Mayoreo;2016-03-10;30;65.67;1970.1;Alexander Aquino;3658878"
"67;1;134;2;3;Mayoreo;2016-03-11;35;66.56;2329.6;Erick Portillo;2448793"
"68;2;136;3;5;Mayoreo;2016-03-12;40;67.45;2698;Walter Carias;3658878"
"69;3;138;4;7;Mayoreo;2016-03-13;45;68.34;3075.3;Tomas Hermandez;2448793"
"70;4;140;5;9;Mayoreo;2016-03-14;50;69.23;3461.5;Mario Rojas;3658878"
"71;5;142;1;11;Mayoreo;2016-03-15;55;70.12;3856.6;Juan Perez;2448793"
"72;6;144;2;13;Mayoreo;2016-03-16;60;71.01;4260.6;Rolando Lobos;3658878"
"73;1;146;3;15;Mayoreo;2016-03-17;65;71.9;4673.5;Alexander Aquino;2448793"
"74;2;148;4;17;Mayoreo;2016-03-18;70;72.79;5095.3;Erick Portillo;3658878"
"75;3;150;5;19;Repuesto;2016-03-19;75;73.68;5526;Walter Carias;2448793"
"76;4;152;1;21;Repuesto;2016-03-20;80;74.57;5965.6;Tomas Hermandez;3658878"
"77;5;154;2;23;Repuesto;2016-03-21;85;75.46;6414.1;Mario Rojas;2448793"
"78;6;156;3;25;Repuesto;2016-03-22;90;76.35;6871.5;Juan Perez;3658878"
"79;1;158;4;1;Repuesto;2016-03-23;95;77.24;7337.8;Rolando Lobos;2448793"
"80;2;160;5;3;Repuesto;2016-03-24;100;78.13;7813;Alexander Aquino;3658878"
"81;3;162;1;5;Repuesto;2016-03-25;105;79.02;8297.1;Erick Portillo;2448793"
"82;4;164;2;7;Mayoreo;2016-03-26;110;79.91;8790.1;Walter Carias;3658878"
"83;5;166;3;9;Mayoreo;2016-03-27;115;80.8;9292;Tomas Hermandez;2448793"
"84;6;168;4;11;Mayoreo;2016-03-28;120;81.69;9802.8;Mario Rojas;3658878"
"85;1;170;5;13;Mayoreo;2016-03-29;125;82.58;10322.5;Juan Perez;2448793"
"86;2;172;1;15;Mayoreo;2016-03-30;130;83.47;10851.1;Rolando Lobos;3658878"
"87;3;174;2;17;Mayoreo;2016-03-31;135;84.36;11388.6;Alexander Aquino;2448793"
"88;4;176;3;19;Mayoreo;2016-04-01;140;85.25;11935;Erick Portillo;3658878"
"89;5;178;4;21;Mayoreo;2016-04-02;145;86.14;12490.3;Walter Carias;2448793"
"90;6;180;5;23;Mayoreo;2016-04-03;150;87.03;13054.5;Tomas Hermandez;3658878"
"91;1;182;1;25;Repuesto;2016-04-04;5;87.92;439.6;Mario Rojas;2448793"
"92;2;184;2;1;Repuesto;2016-04-05;10;88.81;888.1;Juan Perez;3658878"
"93;3;186;3;3;Repuesto;2016-04-06;15;89.7;1345.5;Rolando Lobos;2448793"
"94;4;188;4;5;Repuesto;2016-04-07;20;90.59;1811.8;Alexander Aquino;3658878"
"95;5;190;5;7;Repuesto;2016-04-08;25;91.48;2287;Erick Portillo;2448793"
"96;6;192;1;9;Repuesto;2016-04-09;30;92.37;2771.1;Walter Carias;3658878"
"97;1;194;2;11;Repuesto;2016-04-10;35;10.35;362.25;Tomas Hermandez;2448793"
"98;2;196;3;13;Mayoreo;2016-04-11;40;11.5;460;Mario Rojas;3658878"
"99;3;198;4;15;Mayoreo;2016-04-12;45;12.45;560.25;Juan Perez;2448793"
"100;4;200;5;17;Mayoreo;2016-04-13;50;13;650;Rolando Lobos;3658878"
"101;5;202;1;19;Mayoreo;2016-04-14;55;14.05;772.75;Alexander Aquino;2448793"
"102;6;204;2;21;Mayoreo;2016-04-15;60;14.94;896.4;Erick Portillo;3658878"
"103;1;206;3;23;Mayoreo;2016-04-16;65;15.83;1028.95;Walter Carias;2448793"
"104;2;208;4;25;Mayoreo;2016-04-17;70;16.72;1170.4;Tomas Hermandez;3658878"
"105;3;210;5;1;Mayoreo;2016-04-18;75;17.61;1320.75;Mario Rojas;2448793"
"106;4;212;1;3;Mayoreo;2016-04-19;80;18.5;1480;Juan Perez;3658878"
"107;5;214;2;5;Repuesto;2016-04-20;85;19.39;1648.15;Rolando Lobos;2448793"
"108;6;216;3;7;Repuesto;2016-04-21;90;20.28;1825.2;Alexander Aquino;3658878"
"109;1;218;4;9;Repuesto;2016-04-22;95;21.17;2011.15;Erick Portillo;2448793"
"110;2;220;5;11;Repuesto;2016-04-23;100;22.06;2206;Walter Carias;3658878"
"111;3;222;1;13;Repuesto;2016-04-24;105;22.95;2409.75;Tomas Hermandez;2448793"
"112;4;224;2;15;Repuesto;2016-04-25;110;23.84;2622.4;Mario Rojas;3658878"
"113;5;226;3;17;Repuesto;2016-04-26;115;24.73;2843.95;Juan Perez;2448793"
"114;6;228;4;19;Mayoreo;2016-04-27;120;25.62;3074.4;Rolando Lobos;3658878"
"115;1;230;5;21;Mayoreo;2016-04-28;125;26.51;3313.75;Alexander Aquino;2448793"
"116;2;232;1;23;Mayoreo;2016-04-29;130;27.4;3562;Erick Portillo;3658878"
"117;3;234;2;25;Mayoreo;2016-04-30;135;28.29;3819.15;Walter Carias;2448793"
"118;4;236;3;1;Mayoreo;2016-05-01;140;29.18;4085.2;Tomas Hermandez;3658878"
"119;5;238;4;3;Mayoreo;2016-05-02;145;30.07;4360.15;Mario Rojas;2448793"
"120;6;240;5;5;Mayoreo;2016-05-03;150;30.96;4644;Juan Perez;3658878"
"121;1;242;1;7;Mayoreo;2016-05-04;5;31.85;159.25;Rolando Lobos;2448793"
"122;2;244;2;9;Mayoreo;2016-05-05;10;32.74;327.4;Alexander Aquino;3658878"
"123;3;246;3;11;Repuesto;2016-05-06;15;33.63;504.45;Erick Portillo;2448793"
"124;4;248;4;13;Repuesto;2016-05-07;20;34.52;690.4;Walter Carias;3658878"
"125;5;250;5;15;Repuesto;2016-05-08;25;35.41;885.25;Tomas Hermandez;2448793"
"126;6;252;1;17;Repuesto;2016-05-09;30;36.3;1089;Mario Rojas;3658878"
"127;1;254;2;19;Repuesto;2016-05-10;35;37.19;1301.65;Juan Perez;2448793"
"128;2;256;3;21;Repuesto;2016-05-11;40;38.08;1523.2;Rolando Lobos;3658878"
"129;3;258;4;23;Repuesto;2016-05-12;45;38.97;1753.65;Alexander Aquino;2448793"
"130;4;260;5;25;Mayoreo;2016-05-13;50;39.86;1993;Erick Portillo;3658878"
"131;5;262;1;1;Mayoreo;2016-05-14;55;40.75;2241.25;Walter Carias;2448793"
"132;6;264;2;3;Mayoreo;2016-05-15;60;41.64;2498.4;Tomas Hermandez;3658878"
"133;1;266;3;5;Mayoreo;2016-05-16;65;42.53;2764.45;Mario Rojas;2448793"
"134;2;268;4;7;Mayoreo;2016-05-17;70;43.42;3039.4;Juan Perez;3658878"
"135;3;270;5;9;Mayoreo;2016-05-18;75;44.31;3323.25;Rolando Lobos;2448793"
"136;4;272;1;11;Mayoreo;2016-05-19;80;45.2;3616;Alexander Aquino;3658878"
"137;5;274;2;13;Mayoreo;2016-05-20;85;46.09;3917.65;Erick Portillo;2448793"
"138;6;276;3;15;Mayoreo;2016-05-21;90;46.98;4228.2;Walter Carias;3658878"
"139;1;278;4;17;Repuesto;2016-05-22;95;47.87;4547.65;Tomas Hermandez;2448793"
"140;2;280;5;19;Repuesto;2016-05-23;100;48.76;4876;Mario Rojas;3658878"
"141;3;282;1;21;Repuesto;2016-05-24;105;49.65;5213.25;Juan Perez;2448793"
"142;4;284;2;23;Repuesto;2016-05-25;110;50.54;5559.4;Rolando Lobos;3658878"
"143;5;286;3;25;Repuesto;2016-05-26;115;51.43;5914.45;Alexander Aquino;2448793"
"144;6;288;4;1;Repuesto;2016-05-27;120;52.32;6278.4;Erick Portillo;3658878"
"145;1;290;5;3;Repuesto;2016-05-28;125;53.21;6651.25;Walter Carias;2448793"
"146;2;292;1;5;Mayoreo;2016-05-29;130;54.1;7033;Tomas Hermandez;3658878"
"147;3;294;2;7;Mayoreo;2016-05-30;135;54.99;7423.65;Mario Rojas;2448793"
"148;4;296;3;9;Mayoreo;2016-05-31;140;55.88;7823.2;Juan Perez;3658878"
"149;5;298;4;11;Mayoreo;2016-06-01;145;56.77;8231.65;Rolando Lobos;2448793"
"150;6;300;5;13;Mayoreo;2016-06-02;150;57.66;8649;Alexander Aquino;3658878"
"151;1;302;1;15;Mayoreo;2016-06-03;5;58.55;292.75;Erick Portillo;2448793"
"152;2;304;2;17;Mayoreo;2016-06-04;10;59.44;594.4;Walter Carias;3658878"
"153;3;306;3;19;Mayoreo;2016-06-05;15;60.33;904.95;Tomas Hermandez;2448793"
"154;4;308;4;21;Mayoreo;2016-06-06;20;61.22;1224.4;Mario Rojas;3658878"
"155;5;310;5;23;Repuesto;2016-06-07;25;62.11;1552.75;Juan Perez;2448793"
"156;6;312;1;25;Repuesto;2016-06-08;30;63;1890;Rolando Lobos;3658878"
"157;1;314;2;1;Repuesto;2016-06-09;35;63.89;2236.15;Alexander Aquino;2448793"
"158;2;316;3;3;Repuesto;2016-06-10;40;64.78;2591.2;Erick Portillo;3658878"
"159;3;318;4;5;Repuesto;2016-06-11;45;65.67;2955.15;Walter Carias;2448793"
"160;4;320;5;7;Repuesto;2016-06-12;50;66.56;3328;Tomas Hermandez;3658878"
"161;5;322;1;9;Repuesto;2016-06-13;55;67.45;3709.75;Mario Rojas;2448793"
"162;6;324;2;11;Mayoreo;2016-06-14;60;68.34;4100.4;Juan Perez;3658878"
"163;1;326;3;13;Mayoreo;2016-06-15;65;69.23;4499.95;Rolando Lobos;2448793"
"164;2;328;4;15;Mayoreo;2016-06-16;70;70.12;4908.4;Alexander Aquino;3658878"
"165;3;330;5;17;Mayoreo;2016-06-17;75;71.01;5325.75;Erick Portillo;2448793"
"166;4;332;1;19;Mayoreo;2016-06-18;80;71.9;5752;Walter Carias;3658878"
"167;5;334;2;21;Mayoreo;2016-06-19;85;72.79;6187.15;Tomas Hermandez;2448793"
"168;6;336;3;23;Mayoreo;2016-06-20;90;73.68;6631.2;Mario Rojas;3658878"
"169;1;338;4;25;Mayoreo;2016-06-21;95;74.57;7084.15;Juan Perez;2448793"
"170;2;340;5;1;Mayoreo;2016-06-22;100;75.46;7546;Rolando Lobos;3658878"
"171;3;342;1;3;Repuesto;2016-06-23;105;76.35;8016.75;Alexander Aquino;2448793"
"172;4;344;2;5;Repuesto;2016-06-24;110;77.24;8496.4;Erick Portillo;3658878"
"173;5;346;3;7;Repuesto;2016-06-25;115;78.13;8984.95;Walter Carias;2448793"
"174;6;348;4;9;Repuesto;2016-06-26;120;79.02;9482.4;Tomas Hermandez;3658878"
"175;1;350;5;11;Repuesto;2016-06-27;125;79.91;9988.75;Mario Rojas;2448793"
"176;2;352;1;13;Repuesto;2016-06-28;130;80.8;10504;Juan Perez;3658878"
"177;3;354;2;15;Repuesto;2016-06-29;135;81.69;11028.15;Rolando Lobos;2448793"
"178;4;356;3;17;Mayoreo;2016-06-30;140;82.58;11561.2;Alexander Aquino;3658878"
"179;5;358;4;19;Mayoreo;2016-07-01;145;83.47;12103.15;Erick Portillo;2448793"
"180;6;360;5;21;Mayoreo;2016-07-02;150;84.36;12654;Walter Carias;3658878"
"181;1;362;1;23;Mayoreo;2016-07-03;5;85.25;426.25;Tomas Hermandez;2448793"
"182;2;364;2;25;Mayoreo;2016-07-04;10;86.14;861.4;Mario Rojas;3658878"
"183;3;366;3;1;Mayoreo;2016-07-05;15;87.03;1305.45;Juan Perez;2448793"
"184;4;368;4;3;Mayoreo;2016-07-06;20;87.92;1758.4;Rolando Lobos;3658878"
"185;5;370;5;5;Mayoreo;2016-07-07;25;88.81;2220.25;Alexander Aquino;2448793"
"186;6;372;1;7;Mayoreo;2016-07-08;30;89.7;2691;Erick Portillo;3658878"
"187;1;374;2;9;Repuesto;2016-07-09;35;90.59;3170.65;Walter Carias;2448793"
"188;2;376;3;11;Repuesto;2016-07-10;40;91.48;3659.2;Tomas Hermandez;3658878"
"189;3;378;4;13;Repuesto;2016-07-11;45;92.37;4156.65;Mario Rojas;2448793"
"190;4;380;5;15;Repuesto;2016-07-12;50;10.35;517.5;Juan Perez;3658878"
"191;5;382;1;17;Repuesto;2016-07-13;55;11.5;632.5;Rolando Lobos;2448793"
"192;6;384;2;19;Repuesto;2016-07-14;60;12.45;747;Alexander Aquino;3658878"
"193;1;386;3;21;Repuesto;2016-07-15;65;13;845;Erick Portillo;2448793"
"194;2;388;4;23;Mayoreo;2016-07-16;70;14.05;983.5;Walter Carias;3658878"
"195;3;390;5;25;Mayoreo;2016-07-17;75;14.94;1120.5;Tomas Hermandez;2448793"
"196;4;392;1;1;Mayoreo;2016-07-18;80;15.83;1266.4;Mario Rojas;3658878"
"197;5;394;2;3;Mayoreo;2016-07-19;85;16.72;1421.2;Juan Perez;2448793"
"198;6;396;3;5;Mayoreo;2016-07-20;90;17.61;1584.9;Rolando Lobos;3658878"
"199;1;398;4;7;Mayoreo;2016-07-21;95;18.5;1757.5;Alexander Aquino;2448793"
"200;2;400;5;9;Mayoreo;2016-07-22;100;19.39;1939;Erick Portillo;3658878"
"201;3;402;1;11;Mayoreo;2016-07-23;105;20.28;2129.4;Walter Carias;2448793"
"202;4;404;2;13;Mayoreo;2016-07-24;110;21.17;2328.7;Tomas Hermandez;3658878"
"203;5;406;3;15;Repuesto;2016-07-25;115;22.06;2536.9;Mario Rojas;2448793"
"204;6;408;4;17;Repuesto;2016-07-26;120;22.95;2754;Juan Perez;3658878"
"205;1;410;5;19;Repuesto;2016-07-27;125;23.84;2980;Rolando Lobos;2448793"
"206;2;412;1;21;Repuesto;2016-07-28;130;24.73;3214.9;Alexander Aquino;3658878"
"207;3;414;2;23;Repuesto;2016-07-29;135;25.62;3458.7;Erick Portillo;2448793"
"208;4;416;3;25;Repuesto;2016-07-30;140;26.51;3711.4;Walter Carias;3658878"
"209;5;418;4;1;Repuesto;2016-07-31;145;27.4;3973;Tomas Hermandez;2448793"
"210;6;420;5;3;Mayoreo;2016-08-01;150;28.29;4243.5;Mario Rojas;3658878"
"211;1;422;1;5;Mayoreo;2016-08-02;5;29.18;145.9;Juan Perez;2448793"
"212;2;424;2;7;Mayoreo;2016-08-03;10;30.07;300.7;Rolando Lobos;3658878"
"213;3;426;3;9;Mayoreo;2016-08-04;15;30.96;464.4;Alexander Aquino;2448793"
"214;4;428;4;11;Mayoreo;2016-08-05;20;31.85;637;Erick Portillo;3658878"
"215;5;430;5;13;Mayoreo;2016-08-06;25;32.74;818.5;Walter Carias;2448793"
"216;6;432;1;15;Mayoreo;2016-08-07;30;33.63;1008.9;Tomas Hermandez;3658878"
"217;1;434;2;17;Mayoreo;2016-08-08;35;34.52;1208.2;Mario Rojas;2448793"
"218;2;436;3;19;Mayoreo;2016-08-09;40;35.41;1416.4;Juan Perez;3658878"
"219;3;438;4;21;Repuesto;2016-08-10;45;36.3;1633.5;Rolando Lobos;2448793"
"220;4;440;5;23;Repuesto;2016-08-11;50;37.19;1859.5;Alexander Aquino;3658878"
"221;5;442;1;25;Repuesto;2016-08-12;55;38.08;2094.4;Erick Portillo;2448793"
"222;6;444;2;1;Repuesto;2016-08-13;60;38.97;2338.2;Walter Carias;3658878"
"223;1;446;3;3;Repuesto;2016-08-14;65;39.86;2590.9;Tomas Hermandez;2448793"
"224;2;448;4;5;Repuesto;2016-08-15;70;40.75;2852.5;Mario Rojas;3658878"
"225;3;450;5;7;Repuesto;2016-08-16;75;41.64;3123;Juan Perez;2448793"
"226;4;452;1;9;Mayoreo;2016-08-17;80;42.53;3402.4;Rolando Lobos;3658878"
"227;5;454;2;11;Mayoreo;2016-08-18;85;43.42;3690.7;Alexander Aquino;2448793"
"228;6;456;3;13;Mayoreo;2016-08-19;90;44.31;3987.9;Erick Portillo;3658878"
"229;1;458;4;15;Mayoreo;2016-08-20;95;45.2;4294;Walter Carias;2448793"
"230;2;460;5;17;Mayoreo;2016-08-21;100;46.09;4609;Tomas Hermandez;3658878"
"231;3;462;1;19;Mayoreo;2016-08-22;105;46.98;4932.9;Mario Rojas;2448793"
"232;4;464;2;21;Mayoreo;2016-08-23;110;47.87;5265.7;Juan Perez;3658878"
"233;5;466;3;23;Mayoreo;2016-08-24;115;48.76;5607.4;Rolando Lobos;2448793"
"234;6;468;4;25;Mayoreo;2016-08-25;120;49.65;5958;Alexander Aquino;3658878"
"235;1;470;5;1;Repuesto;2016-08-26;125;50.54;6317.5;Erick Portillo;2448793"
"236;2;472;1;3;Repuesto;2016-08-27;130;51.43;6685.9;Walter Carias;3658878"
"237;3;474;2;5;Repuesto;2016-08-28;135;52.32;7063.2;Tomas Hermandez;2448793"
"238;4;476;3;7;Repuesto;2016-08-29;140;53.21;7449.4;Mario Rojas;3658878"
"239;5;478;4;9;Repuesto;2016-08-30;145;54.1;7844.5;Juan Perez;2448793"
"240;6;480;5;11;Repuesto;2016-08-31;150;54.99;8248.5;Rolando Lobos;3658878"
"241;1;482;1;13;Repuesto;2016-09-01;5;55.88;279.4;Alexander Aquino;2448793"
"242;2;484;2;15;Mayoreo;2016-09-02;10;56.77;567.7;Erick Portillo;3658878"
"243;3;486;3;17;Mayoreo;2016-09-03;15;57.66;864.9;Walter Carias;2448793"
"244;4;488;4;19;Mayoreo;2016-09-04;20;58.55;1171;Tomas Hermandez;3658878"
"245;5;490;5;21;Mayoreo;2016-09-05;25;59.44;1486;Mario Rojas;2448793"
"246;6;492;1;23;Mayoreo;2016-09-06;30;60.33;1809.9;Juan Perez;3658878"
"247;1;494;2;25;Mayoreo;2016-09-07;35;61.22;2142.7;Rolando Lobos;2448793"
"248;2;496;3;1;Mayoreo;2016-09-08;40;62.11;2484.4;Alexander Aquino;3658878"
"249;3;498;4;3;Mayoreo;2016-09-09;45;63;2835;Erick Portillo;2448793"
"250;4;500;5;5;Mayoreo;2016-09-10;50;63.89;3194.5;Walter Carias;3658878"
"251;5;502;1;7;Repuesto;2016-09-11;55;64.78;3562.9;Tomas Hermandez;2448793"
"252;6;504;2;9;Repuesto;2016-09-12;60;65.67;3940.2;Mario Rojas;3658878"
"253;1;506;3;11;Repuesto;2016-09-13;65;66.56;4326.4;Juan Perez;2448793"
"254;2;508;4;13;Repuesto;2016-09-14;70;67.45;4721.5;Rolando Lobos;3658878"
"255;3;510;5;15;Repuesto;2016-09-15;75;68.34;5125.5;Alexander Aquino;2448793"
"256;4;512;1;17;Repuesto;2016-09-16;80;69.23;5538.4;Erick Portillo;3658878"
"257;5;514;2;19;Repuesto;2016-09-17;85;70.12;5960.2;Walter Carias;2448793"
"258;6;516;3;21;Mayoreo;2016-09-18;90;71.01;6390.9;Tomas Hermandez;3658878"
"259;1;518;4;23;Mayoreo;2016-09-19;95;71.9;6830.5;Mario Rojas;2448793"
"260;2;520;5;25;Mayoreo;2016-09-20;100;72.79;7279;Juan Perez;3658878"
"261;3;522;1;1;Mayoreo;2016-09-21;105;73.68;7736.4;Rolando Lobos;2448793"
"262;4;524;2;3;Mayoreo;2016-09-22;110;74.57;8202.7;Alexander Aquino;3658878"
"263;5;526;3;5;Mayoreo;2016-09-23;115;75.46;8677.9;Erick Portillo;2448793"
"264;6;528;4;7;Mayoreo;2016-09-24;120;76.35;9162;Walter Carias;3658878"
"265;1;530;5;9;Mayoreo;2016-09-25;125;77.24;9655;Tomas Hermandez;2448793"
"266;2;532;1;11;Mayoreo;2016-09-26;130;78.13;10156.9;Mario Rojas;3658878"
"267;3;534;2;13;Repuesto;2016-09-27;135;79.02;10667.7;Juan Perez;2448793"
"268;4;536;3;15;Repuesto;2016-09-28;140;79.91;11187.4;Rolando Lobos;3658878"
"269;5;538;4;17;Repuesto;2016-09-29;145;80.8;11716;Alexander Aquino;2448793"
"270;6;540;5;19;Repuesto;2016-09-30;150;81.69;12253.5;Erick Portillo;3658878"
"271;1;542;1;21;Repuesto;2016-10-01;5;82.58;412.9;Walter Carias;2448793"
"272;2;544;2;23;Repuesto;2016-10-02;10;83.47;834.7;Tomas Hermandez;3658878"
"273;3;546;3;25;Repuesto;2016-10-03;15;84.36;1265.4;Mario Rojas;2448793"
"274;4;548;4;1;Mayoreo;2016-10-04;20;85.25;1705;Juan Perez;3658878"
"275;5;550;5;3;Mayoreo;2016-10-05;25;86.14;2153.5;Rolando Lobos;2448793"
"276;6;552;1;5;Mayoreo;2016-10-06;30;87.03;2610.9;Alexander Aquino;3658878"
"277;1;554;2;7;Mayoreo;2016-10-07;35;87.92;3077.2;Erick Portillo;2448793"
"278;2;556;3;9;Mayoreo;2016-10-08;40;88.81;3552.4;Walter Carias;3658878"
"279;3;558;4;11;Mayoreo;2016-10-09;45;89.7;4036.5;Tomas Hermandez;2448793"
"280;4;560;5;13;Mayoreo;2016-10-10;50;90.59;4529.5;Mario Rojas;3658878"
"281;5;562;1;15;Mayoreo;2016-10-11;55;91.48;5031.4;Juan Perez;2448793"
"282;6;564;2;17;Mayoreo;2016-10-12;60;92.37;5542.2;Rolando Lobos;3658878"
"283;1;566;3;19;Repuesto;2016-10-13;65;25.65;1667.25;Alexander Aquino;2448793"
"284;2;568;4;21;Repuesto;2016-10-14;70;84.65;5925.5;Erick Portillo;3658878"
"285;3;570;5;23;Repuesto;2016-10-15;75;143.65;10773.75;Walter Carias;2448793"
"286;4;572;1;25;Repuesto;2016-10-16;80;10.35;828;Tomas Hermandez;3658878"
"287;5;574;2;1;Repuesto;2016-10-17;85;11.5;977.5;Mario Rojas;2448793"
"288;6;576;3;3;Repuesto;2016-10-18;90;12.45;1120.5;Juan Perez;3658878"
"289;1;578;4;5;Repuesto;2016-10-19;95;13;1235;Rolando Lobos;2448793"
"290;2;580;5;7;Mayoreo;2016-10-20;100;14.05;1405;Alexander Aquino;3658878"
"291;3;582;1;9;Mayoreo;2016-10-21;105;14.94;1568.7;Erick Portillo;2448793"
"292;4;584;2;11;Mayoreo;2016-10-22;110;15.83;1741.3;Walter Carias;3658878"
"293;5;586;3;13;Mayoreo;2016-10-23;115;16.72;1922.8;Tomas Hermandez;2448793"
"294;6;588;4;15;Mayoreo;2016-10-24;120;17.61;2113.2;Mario Rojas;3658878"
"295;1;590;5;17;Mayoreo;2016-10-25;125;18.5;2312.5;Juan Perez;2448793"
"296;2;592;1;19;Mayoreo;2016-10-26;130;19.39;2520.7;Rolando Lobos;3658878"
"297;3;594;2;21;Mayoreo;2016-10-27;135;20.28;2737.8;Alexander Aquino;2448793"
"298;4;596;3;23;Mayoreo;2016-10-28;140;21.17;2963.8;Erick Portillo;3658878"
"299;5;598;4;25;Repuesto;2016-10-29;145;22.06;3198.7;Walter Carias;2448793"
"300;6;600;5;1;Repuesto;2016-10-30;150;22.95;3442.5;Tomas Hermandez;3658878"
"301;1;602;1;3;Repuesto;2016-10-31;5;23.84;119.2;Mario Rojas;2448793"
"302;2;604;2;5;Repuesto;2016-11-01;10;24.73;247.3;Juan Perez;3658878"
"303;3;606;3;7;Repuesto;2016-11-02;15;25.62;384.3;Rolando Lobos;2448793"
"304;4;608;4;9;Repuesto;2016-11-03;20;26.51;530.2;Alexander Aquino;3658878"
"305;5;610;5;11;Repuesto;2016-11-04;25;27.4;685;Erick Portillo;2448793"
"306;6;612;1;13;Mayoreo;2016-11-05;30;28.29;848.7;Walter Carias;3658878"
"307;1;614;2;15;Mayoreo;2016-11-06;35;29.18;1021.3;Tomas Hermandez;2448793"
"308;2;616;3;17;Mayoreo;2016-11-07;40;30.07;1202.8;Mario Rojas;3658878"
"309;3;618;4;19;Mayoreo;2016-11-08;45;30.96;1393.2;Juan Perez;2448793"
"310;4;620;5;21;Mayoreo;2016-11-09;50;31.85;1592.5;Rolando Lobos;3658878"
"311;5;622;1;23;Mayoreo;2016-11-10;55;32.74;1800.7;Alexander Aquino;2448793"
"312;6;624;2;25;Mayoreo;2016-11-11;60;33.63;2017.8;Erick Portillo;3658878"
"313;1;626;3;1;Mayoreo;2016-11-12;65;34.52;2243.8;Walter Carias;2448793"
"314;2;628;4;3;Mayoreo;2016-11-13;70;35.41;2478.7;Tomas Hermandez;3658878"
"315;3;630;5;5;Repuesto;2016-11-14;75;36.3;2722.5;Mario Rojas;2448793"
"316;4;632;1;7;Repuesto;2016-11-15;80;37.19;2975.2;Juan Perez;3658878"
"317;5;634;2;9;Repuesto;2016-11-16;85;38.08;3236.8;Rolando Lobos;2448793"
"318;6;636;3;11;Repuesto;2016-11-17;90;38.97;3507.3;Alexander Aquino;3658878"
"319;1;638;4;13;Repuesto;2016-11-18;95;39.86;3786.7;Erick Portillo;2448793"
"320;2;640;5;15;Repuesto;2016-11-19;100;40.75;4075;Walter Carias;3658878"
"321;3;642;1;17;Repuesto;2016-11-20;105;41.64;4372.2;Tomas Hermandez;2448793"
"322;4;644;2;19;Mayoreo;2016-11-21;110;42.53;4678.3;Mario Rojas;3658878"
"323;5;646;3;21;Mayoreo;2016-11-22;115;43.42;4993.3;Juan Perez;2448793"
"324;6;648;4;23;Mayoreo;2016-11-23;120;44.31;5317.2;Rolando Lobos;3658878"
"325;1;650;5;25;Mayoreo;2016-11-24;125;45.2;5650;Alexander Aquino;2448793"
"326;2;652;1;1;Mayoreo;2016-11-25;130;46.09;5991.7;Erick Portillo;3658878"
"327;3;654;2;3;Mayoreo;2016-11-26;135;46.98;6342.3;Walter Carias;2448793"
"328;4;656;3;5;Mayoreo;2016-11-27;140;47.87;6701.8;Tomas Hermandez;3658878"
"329;5;658;4;7;Mayoreo;2016-11-28;145;48.76;7070.2;Mario Rojas;2448793"
"330;6;660;5;9;Mayoreo;2016-11-29;150;49.65;7447.5;Juan Perez;3658878"
"331;1;662;1;11;Repuesto;2016-11-30;5;50.54;252.7;Rolando Lobos;2448793"
"332;2;664;2;13;Repuesto;2016-12-01;10;51.43;514.3;Alexander Aquino;3658878"
"333;3;666;3;15;Repuesto;2016-12-02;15;52.32;784.8;Erick Portillo;2448793"
"334;4;668;4;17;Repuesto;2016-12-03;20;53.21;1064.2;Walter Carias;3658878"
"335;5;670;5;19;Repuesto;2016-12-04;25;54.1;1352.5;Tomas Hermandez;2448793"
"336;6;672;1;21;Repuesto;2016-12-05;30;54.99;1649.7;Mario Rojas;3658878"
"337;1;674;2;23;Repuesto;2016-12-06;35;55.88;1955.8;Juan Perez;2448793"
"338;2;676;3;25;Mayoreo;2016-12-07;40;56.77;2270.8;Rolando Lobos;3658878"
"339;3;678;4;1;Mayoreo;2016-12-08;45;57.66;2594.7;Alexander Aquino;2448793"
"340;4;680;5;3;Mayoreo;2016-12-09;50;58.55;2927.5;Erick Portillo;3658878"
"341;5;682;1;5;Mayoreo;2016-12-10;55;59.44;3269.2;Walter Carias;2448793"
"342;6;684;2;7;Mayoreo;2016-12-11;60;60.33;3619.8;Tomas Hermandez;3658878"
"343;1;686;3;9;Mayoreo;2016-12-12;65;61.22;3979.3;Mario Rojas;2448793"
"344;2;688;4;11;Mayoreo;2016-12-13;70;62.11;4347.7;Juan Perez;3658878"
"345;3;690;5;13;Mayoreo;2016-12-14;75;63;4725;Rolando Lobos;2448793"
"346;4;692;1;15;Mayoreo;2016-12-15;80;63.89;5111.2;Alexander Aquino;3658878"
"347;5;694;2;17;Repuesto;2016-12-16;85;64.78;5506.3;Erick Portillo;2448793"
"348;6;696;3;19;Repuesto;2016-12-17;90;65.67;5910.3;Walter Carias;3658878"
"349;1;698;4;21;Repuesto;2016-12-18;95;66.56;6323.2;Tomas Hermandez;2448793"
"350;2;700;5;23;Repuesto;2016-12-19;100;67.45;6745;Mario Rojas;3658878"
"351;3;702;1;25;Repuesto;2016-12-20;105;68.34;7175.7;Juan Perez;2448793"
"352;4;704;2;1;Repuesto;2016-12-21;110;69.23;7615.3;Rolando Lobos;3658878"
"353;5;706;3;3;Repuesto;2016-12-22;115;70.12;8063.8;Alexander Aquino;2448793"
"354;6;708;4;5;Mayoreo;2016-12-23;120;71.01;8521.2;Erick Portillo;3658878"
"355;1;710;5;7;Mayoreo;2016-12-24;125;71.9;8987.5;Walter Carias;2448793"
"356;2;712;1;9;Mayoreo;2016-12-25;130;72.79;9462.7;Tomas Hermandez;3658878"
"357;3;714;2;11;Mayoreo;2016-12-26;135;73.68;9946.8;Mario Rojas;2448793"
"358;4;716;3;13;Mayoreo;2016-12-27;140;74.57;10439.8;Juan Perez;3658878"
"359;5;718;4;15;Mayoreo;2016-12-28;145;75.46;10941.7;Rolando Lobos;2448793"
"360;6;720;5;17;Mayoreo;2016-12-29;150;76.35;11452.5;Alexander Aquino;3658878"
"361;1;722;1;19;Mayoreo;2016-12-30;5;77.24;386.2;Erick Portillo;2448793"
"362;2;724;2;21;Mayoreo;2016-12-31;10;78.13;781.3;Walter Carias;3658878"
"363;3;726;3;23;Repuesto;2017-01-01;15;79.02;1185.3;Tomas Hermandez;2448793"
"364;4;728;4;25;Repuesto;2017-01-02;20;79.91;1598.2;Mario Rojas;3658878"
"365;5;730;5;1;Repuesto;2017-01-03;25;80.8;2020;Juan Perez;2448793"
"366;6;732;1;3;Repuesto;2017-01-04;30;81.69;2450.7;Rolando Lobos;3658878"
"367;1;734;2;5;Repuesto;2017-01-05;35;82.58;2890.3;Alexander Aquino;2448793"
"368;2;736;3;7;Repuesto;2017-01-06;40;83.47;3338.8;Erick Portillo;3658878"
"369;3;738;4;9;Repuesto;2017-01-07;45;84.36;3796.2;Walter Carias;2448793"
"370;4;740;5;11;Mayoreo;2017-01-08;50;85.25;4262.5;Tomas Hermandez;3658878"
"371;5;742;1;13;Mayoreo;2017-01-09;55;86.14;4737.7;Mario Rojas;2448793"
"372;6;744;2;15;Mayoreo;2017-01-10;60;87.03;5221.8;Juan Perez;3658878"
"373;1;746;3;17;Mayoreo;2017-01-11;65;87.92;5714.8;Rolando Lobos;2448793"
"374;2;748;4;19;Mayoreo;2017-01-12;70;88.81;6216.7;Alexander Aquino;3658878"
"375;3;750;5;21;Mayoreo;2017-01-13;75;89.7;6727.5;Erick Portillo;2448793"
"376;4;752;1;23;Mayoreo;2017-01-14;80;90.59;7247.2;Walter Carias;3658878"
"377;5;754;2;25;Mayoreo;2017-01-15;85;91.48;7775.8;Tomas Hermandez;2448793"
"378;6;756;3;1;Mayoreo;2017-01-16;90;92.37;8313.3;Mario Rojas;3658878"
"379;1;758;4;3;Repuesto;2017-01-17;95;10.35;983.25;Juan Perez;2448793"
"380;2;760;5;5;Repuesto;2017-01-18;100;11.5;1150;Rolando Lobos;3658878"
"381;3;762;1;7;Repuesto;2017-01-19;105;12.45;1307.25;Alexander Aquino;2448793"
"382;4;764;2;9;Repuesto;2017-01-20;110;13;1430;Erick Portillo;3658878"
"383;5;766;3;11;Repuesto;2017-01-21;115;14.05;1615.75;Walter Carias;2448793"
"384;6;768;4;13;Repuesto;2017-01-22;120;14.94;1792.8;Tomas Hermandez;3658878"
"385;1;770;5;15;Repuesto;2017-01-23;125;15.83;1978.75;Mario Rojas;2448793"
"386;2;772;1;17;Mayoreo;2017-01-24;130;16.72;2173.6;Juan Perez;3658878"
"387;3;774;2;19;Mayoreo;2017-01-25;135;17.61;2377.35;Rolando Lobos;2448793"
"388;4;776;3;21;Mayoreo;2017-01-26;140;18.5;2590;Alexander Aquino;3658878"
"389;5;778;4;23;Mayoreo;2017-01-27;145;19.39;2811.55;Erick Portillo;2448793"
"390;6;780;5;25;Mayoreo;2017-01-28;150;20.28;3042;Walter Carias;3658878"
"391;1;782;1;1;Mayoreo;2017-01-29;5;21.17;105.85;Tomas Hermandez;2448793"
"392;2;784;2;3;Mayoreo;2017-01-30;10;22.06;220.6;Mario Rojas;3658878"
"393;3;786;3;5;Mayoreo;2017-01-31;15;22.95;344.25;Juan Perez;2448793"
"394;4;788;4;7;Mayoreo;2017-02-01;20;23.84;476.8;Rolando Lobos;3658878"
"395;5;790;5;9;Repuesto;2017-02-02;25;24.73;618.25;Alexander Aquino;2448793"
"396;6;792;1;11;Repuesto;2017-02-03;30;25.62;768.6;Erick Portillo;3658878"
"397;1;794;2;13;Repuesto;2017-02-04;35;26.51;927.85;Walter Carias;2448793"
"398;2;796;3;15;Repuesto;2017-02-05;40;27.4;1096;Tomas Hermandez;3658878"
"399;3;798;4;17;Repuesto;2017-02-06;45;28.29;1273.05;Mario Rojas;2448793"
"400;4;800;5;19;Repuesto;2017-02-07;50;29.18;1459;Juan Perez;3658878"
"401;5;802;1;21;Repuesto;2017-02-08;55;30.07;1653.85;Rolando Lobos;2448793"
"402;6;804;2;23;Mayoreo;2017-02-09;60;30.96;1857.6;Alexander Aquino;3658878"
"403;1;806;3;25;Mayoreo;2017-02-10;65;31.85;2070.25;Erick Portillo;2448793"
"404;2;808;4;1;Mayoreo;2017-02-11;70;32.74;2291.8;Walter Carias;3658878"
"405;3;810;5;3;Mayoreo;2017-02-12;75;33.63;2522.25;Tomas Hermandez;2448793"
"406;4;812;1;5;Mayoreo;2017-02-13;80;34.52;2761.6;Mario Rojas;3658878"
"407;5;814;2;7;Mayoreo;2017-02-14;85;35.41;3009.85;Juan Perez;2448793"
"408;6;816;3;9;Mayoreo;2017-02-15;90;36.3;3267;Rolando Lobos;3658878"
"409;1;818;4;11;Mayoreo;2017-02-16;95;37.19;3533.05;Alexander Aquino;2448793"
"410;2;820;5;13;Mayoreo;2017-02-17;100;38.08;3808;Erick Portillo;3658878"
"411;3;822;1;15;Repuesto;2017-02-18;105;38.97;4091.85;Walter Carias;2448793"
"412;4;824;2;17;Repuesto;2017-02-19;110;39.86;4384.6;Tomas Hermandez;3658878"
"413;5;826;3;19;Repuesto;2017-02-20;115;40.75;4686.25;Mario Rojas;2448793"
"414;6;828;4;21;Repuesto;2017-02-21;120;41.64;4996.8;Juan Perez;3658878"
"415;1;830;5;23;Repuesto;2017-02-22;125;42.53;5316.25;Rolando Lobos;2448793"
"416;2;832;1;25;Repuesto;2017-02-23;130;43.42;5644.6;Alexander Aquino;3658878"
"417;3;834;2;1;Repuesto;2017-02-24;135;44.31;5981.85;Erick Portillo;2448793"
"418;4;836;3;3;Mayoreo;2017-02-25;140;45.2;6328;Walter Carias;3658878"
"419;5;838;4;5;Mayoreo;2017-02-26;145;46.09;6683.05;Tomas Hermandez;2448793"
"420;6;840;5;7;Mayoreo;2017-02-27;150;46.98;7047;Mario Rojas;3658878"
"421;1;842;1;9;Mayoreo;2017-02-28;5;47.87;239.35;Juan Perez;2448793"
"422;2;844;2;11;Mayoreo;2017-03-01;10;48.76;487.6;Rolando Lobos;3658878"
"423;3;846;3;13;Mayoreo;2017-03-02;15;49.65;744.75;Alexander Aquino;2448793"
"424;4;848;4;15;Mayoreo;2017-03-03;20;50.54;1010.8;Erick Portillo;3658878"
"425;5;850;5;17;Mayoreo;2017-03-04;25;51.43;1285.75;Walter Carias;2448793"
"426;6;852;1;19;Mayoreo;2017-03-05;30;52.32;1569.6;Tomas Hermandez;3658878"
"427;1;854;2;21;Repuesto;2017-03-06;35;53.21;1862.35;Mario Rojas;2448793"
"428;2;856;3;23;Repuesto;2017-03-07;40;54.1;2164;Juan Perez;3658878"
"429;3;858;4;25;Repuesto;2017-03-08;45;54.99;2474.55;Rolando Lobos;2448793"
"430;4;860;5;1;Repuesto;2017-03-09;50;55.88;2794;Alexander Aquino;3658878"
"431;5;862;1;3;Repuesto;2017-03-10;55;56.77;3122.35;Erick Portillo;2448793"
"432;6;864;2;5;Repuesto;2017-03-11;60;57.66;3459.6;Walter Carias;3658878"
"433;1;866;3;7;Repuesto;2017-03-12;65;58.55;3805.75;Tomas Hermandez;2448793"
"434;2;868;4;9;Mayoreo;2017-03-13;70;59.44;4160.8;Mario Rojas;3658878"
"435;3;870;5;11;Mayoreo;2017-03-14;75;60.33;4524.75;Juan Perez;2448793"
"436;4;872;1;13;Mayoreo;2017-03-15;80;61.22;4897.6;Rolando Lobos;3658878"
"437;5;874;2;15;Mayoreo;2017-03-16;85;62.11;5279.35;Alexander Aquino;2448793"
"438;6;876;3;17;Mayoreo;2017-03-17;90;63;5670;Erick Portillo;3658878"
"439;1;878;4;19;Mayoreo;2017-03-18;95;63.89;6069.55;Walter Carias;2448793"
"440;2;880;5;21;Mayoreo;2017-03-19;100;64.78;6478;Tomas Hermandez;3658878"
"441;3;882;1;23;Mayoreo;2017-03-20;105;65.67;6895.35;Mario Rojas;2448793"
"442;4;884;2;25;Mayoreo;2017-03-21;110;66.56;7321.6;Juan Perez;3658878"
"443;5;886;3;1;Repuesto;2017-03-22;115;67.45;7756.75;Rolando Lobos;2448793"
"444;6;888;4;3;Repuesto;2017-03-23;120;68.34;8200.8;Alexander Aquino;3658878"
"445;1;890;5;5;Repuesto;2017-03-24;125;69.23;8653.75;Erick Portillo;2448793"
"446;2;892;1;7;Repuesto;2017-03-25;130;70.12;9115.6;Walter Carias;3658878"
"447;3;894;2;9;Repuesto;2017-03-26;135;71.01;9586.35;Tomas Hermandez;2448793"
"448;4;896;3;11;Repuesto;2017-03-27;140;71.9;10066;Mario Rojas;3658878"
"449;5;898;4;13;Repuesto;2017-03-28;145;72.79;10554.55;Juan Perez;2448793"
"450;6;900;5;15;Mayoreo;2017-03-29;150;73.68;11052;Rolando Lobos;3658878"
"451;1;902;1;17;Mayoreo;2017-03-30;5;74.57;372.85;Alexander Aquino;2448793"
"452;2;904;2;19;Mayoreo;2017-03-31;10;75.46;754.6;Erick Portillo;3658878"
"453;3;906;3;21;Mayoreo;2017-04-01;15;76.35;1145.25;Walter Carias;2448793"
"454;4;908;4;23;Mayoreo;2017-04-02;20;77.24;1544.8;Tomas Hermandez;3658878"
"455;5;910;5;25;Mayoreo;2017-04-03;25;78.13;1953.25;Mario Rojas;2448793"
"456;6;912;1;1;Mayoreo;2017-04-04;30;79.02;2370.6;Juan Perez;3658878"
"457;1;914;2;3;Mayoreo;2017-04-05;35;79.91;2796.85;Rolando Lobos;2448793"
"458;2;916;3;5;Mayoreo;2017-04-06;40;80.8;3232;Alexander Aquino;3658878"
"459;3;918;4;7;Repuesto;2017-04-07;45;81.69;3676.05;Erick Portillo;2448793"
"460;4;920;5;9;Repuesto;2017-04-08;50;82.58;4129;Walter Carias;3658878"
"461;5;922;1;11;Repuesto;2017-04-09;55;83.47;4590.85;Tomas Hermandez;2448793"
"462;6;924;2;13;Repuesto;2017-04-10;60;84.36;5061.6;Mario Rojas;3658878"
"463;1;926;3;15;Repuesto;2017-04-11;65;85.25;5541.25;Juan Perez;2448793"
"464;2;928;4;17;Repuesto;2017-04-12;70;86.14;6029.8;Rolando Lobos;3658878"
"465;3;930;5;19;Repuesto;2017-04-13;75;87.03;6527.25;Alexander Aquino;2448793"
"466;4;932;1;21;Mayoreo;2017-04-14;80;87.92;7033.6;Erick Portillo;3658878"
"467;5;934;2;23;Mayoreo;2017-04-15;85;88.81;7548.85;Walter Carias;2448793"
"468;6;936;3;25;Mayoreo;2017-04-16;90;89.7;8073;Tomas Hermandez;3658878"
"469;1;938;4;1;Mayoreo;2017-04-17;95;90.59;8606.05;Mario Rojas;2448793"
"470;2;940;5;3;Mayoreo;2017-04-18;100;91.48;9148;Juan Perez;3658878"
"471;3;942;1;5;Mayoreo;2017-04-19;105;92.37;9698.85;Rolando Lobos;2448793"
"472;4;944;2;7;Mayoreo;2017-04-20;110;10.35;1138.5;Alexander Aquino;3658878"
"473;5;946;3;9;Mayoreo;2017-04-21;115;11.5;1322.5;Erick Portillo;2448793"
"474;6;948;4;11;Mayoreo;2017-04-22;120;12.45;1494;Walter Carias;3658878"
"475;1;950;5;13;Repuesto;2017-04-23;125;13;1625;Tomas Hermandez;2448793"
"476;2;952;1;15;Repuesto;2017-04-24;130;14.05;1826.5;Mario Rojas;3658878"
"477;3;954;2;17;Repuesto;2017-04-25;135;14.94;2016.9;Juan Perez;2448793"
"478;4;956;3;19;Repuesto;2017-04-26;140;15.83;2216.2;Rolando Lobos;3658878"
"479;5;958;4;21;Repuesto;2017-04-27;145;16.72;2424.4;Alexander Aquino;2448793"
"480;6;960;5;23;Repuesto;2017-04-28;150;17.61;2641.5;Erick Portillo;3658878"
"481;1;962;1;25;Repuesto;2017-04-29;5;18.5;92.5;Walter Carias;2448793"
"482;2;964;2;1;Mayoreo;2017-04-30;10;19.39;193.9;Tomas Hermandez;3658878"
"483;3;966;3;3;Mayoreo;2017-05-01;15;20.28;304.2;Mario Rojas;2448793"
"484;4;968;4;5;Mayoreo;2017-05-02;20;21.17;423.4;Juan Perez;3658878"
"485;5;970;5;7;Mayoreo;2017-05-03;25;22.06;551.5;Rolando Lobos;2448793"
"486;6;972;1;9;Mayoreo;2017-05-04;30;22.95;688.5;Alexander Aquino;3658878"
"487;1;974;2;11;Mayoreo;2017-05-05;35;23.84;834.4;Erick Portillo;2448793"
"488;2;976;3;13;Mayoreo;2017-05-06;40;24.73;989.2;Walter Carias;3658878"
"489;3;978;4;15;Mayoreo;2017-05-07;45;25.62;1152.9;Tomas Hermandez;2448793"
"490;4;980;5;17;Mayoreo;2017-05-08;50;26.51;1325.5;Mario Rojas;3658878"
"491;5;982;1;19;Repuesto;2017-05-09;55;27.4;1507;Juan Perez;2448793"
"492;6;984;2;21;Repuesto;2017-05-10;60;28.29;1697.4;Rolando Lobos;3658878"
"493;1;986;3;23;Repuesto;2017-05-11;65;29.18;1896.7;Alexander Aquino;2448793"
"494;2;988;4;25;Repuesto;2017-05-12;70;30.07;2104.9;Erick Portillo;3658878"
"495;3;990;5;1;Repuesto;2017-05-13;75;30.96;2322;Walter Carias;2448793"
"496;4;992;1;3;Repuesto;2017-05-14;80;31.85;2548;Tomas Hermandez;3658878"
"497;5;994;2;5;Repuesto;2017-05-15;85;32.74;2782.9;Mario Rojas;2448793"
"498;6;996;3;7;Mayoreo;2017-05-16;90;33.63;3026.7;Juan Perez;3658878"
"499;1;998;4;9;Mayoreo;2017-05-17;95;34.52;3279.4;Rolando Lobos;2448793"
"500;2;1000;5;11;Mayoreo;2017-05-18;100;35.41;3541;Alexander Aquino;3658878"
"501;3;1002;1;13;Mayoreo;2017-05-19;105;36.3;3811.5;Erick Portillo;2448793"
"502;4;1004;2;15;Mayoreo;2017-05-20;110;37.19;4090.9;Walter Carias;3658878"
"503;5;1006;3;17;Mayoreo;2017-05-21;115;38.08;4379.2;Tomas Hermandez;2448793"
"504;6;1008;4;19;Mayoreo;2017-05-22;120;38.97;4676.4;Mario Rojas;3658878"
"505;1;1010;5;21;Mayoreo;2017-05-23;125;39.86;4982.5;Juan Perez;2448793"
"506;2;1012;1;23;Mayoreo;2017-05-24;130;40.75;5297.5;Rolando Lobos;3658878"
"507;3;1014;2;25;Repuesto;2017-05-25;135;41.64;5621.4;Alexander Aquino;2448793"
"508;4;1016;3;1;Repuesto;2017-05-26;140;42.53;5954.2;Erick Portillo;3658878"
"509;5;1018;4;3;Repuesto;2017-05-27;145;43.42;6295.9;Walter Carias;2448793"
"510;6;1020;5;5;Repuesto;2017-05-28;150;44.31;6646.5;Tomas Hermandez;3658878"
"511;1;1022;1;7;Repuesto;2017-05-29;5;45.2;226;Mario Rojas;2448793"
"512;2;1024;2;9;Repuesto;2017-05-30;10;46.09;460.9;Juan Perez;3658878"
"513;3;1026;3;11;Repuesto;2017-05-31;15;46.98;704.7;Rolando Lobos;2448793"
"514;4;1028;4;13;Mayoreo;2017-06-01;20;47.87;957.4;Alexander Aquino;3658878"
"515;5;1030;5;15;Mayoreo;2017-06-02;25;48.76;1219;Erick Portillo;2448793"
"516;6;1032;1;17;Mayoreo;2017-06-03;30;49.65;1489.5;Walter Carias;3658878"
"517;1;1034;2;19;Mayoreo;2017-06-04;35;50.54;1768.9;Tomas Hermandez;2448793"
"518;2;1036;3;21;Mayoreo;2017-06-05;40;51.43;2057.2;Mario Rojas;3658878"
"519;3;1038;4;23;Mayoreo;2017-06-06;45;52.32;2354.4;Juan Perez;2448793"
"520;4;1040;5;25;Mayoreo;2017-06-07;50;53.21;2660.5;Rolando Lobos;3658878"
"521;5;1042;1;1;Mayoreo;2017-06-08;55;54.1;2975.5;Alexander Aquino;3658878"
"522;6;1044;2;3;Mayoreo;2017-06-09;60;54.99;3299.4;Erick Portillo;2448793"
"523;1;1046;3;5;Repuesto;2017-06-10;65;55.88;3632.2;Walter Carias;3658878"
"524;2;1048;4;7;Repuesto;2017-06-11;70;56.77;3973.9;Tomas Hermandez;2448793"
"525;3;1050;5;9;Repuesto;2017-06-12;75;57.66;4324.5;Mario Rojas;3658878"
"526;4;1052;1;11;Repuesto;2017-06-13;80;58.55;4684;Juan Perez;2448793"
"527;5;1054;2;13;Repuesto;2017-06-14;85;59.44;5052.4;Rolando Lobos;3658878"
"528;6;1056;3;15;Repuesto;2017-06-15;90;60.33;5429.7;Alexander Aquino;2448793"
"529;1;1058;4;17;Repuesto;2017-06-16;95;61.22;5815.9;Erick Portillo;3658878"
"530;2;1060;5;19;Mayoreo;2017-06-17;100;62.11;6211;Walter Carias;2448793"
"531;3;1062;1;21;Mayoreo;2017-06-18;105;63;6615;Tomas Hermandez;3658878"
"532;4;1064;2;23;Mayoreo;2017-06-19;110;63.89;7027.9;Mario Rojas;2448793"
"533;5;1066;3;25;Mayoreo;2017-06-20;115;64.78;7449.7;Juan Perez;3658878"
"534;6;1068;4;1;Mayoreo;2017-06-21;120;65.67;7880.4;Rolando Lobos;2448793"
"535;1;1070;5;3;Mayoreo;2017-06-22;125;66.56;8320;Alexander Aquino;3658878"
"536;2;1072;1;5;Mayoreo;2017-06-23;130;67.45;8768.5;Erick Portillo;2448793"
"537;3;1074;2;7;Mayoreo;2017-06-24;135;68.34;9225.9;Walter Carias;3658878"
"538;4;1076;3;9;Mayoreo;2017-06-25;140;69.23;9692.2;Tomas Hermandez;2448793"
"539;5;1078;4;11;Repuesto;2017-06-26;145;70.12;10167.4;Mario Rojas;3658878"
"540;6;1080;5;13;Repuesto;2017-06-27;150;71.01;10651.5;Juan Perez;2448793"
"541;1;1082;1;15;Repuesto;2017-05-16;5;71.9;359.5;Rolando Lobos;3658878"
"542;2;1084;2;17;Repuesto;2017-05-17;10;72.79;727.9;Alexander Aquino;2448793"
"543;3;1086;3;19;Repuesto;2017-05-18;15;73.68;1105.2;Erick Portillo;3658878"
"544;4;1088;4;21;Repuesto;2017-05-19;20;74.57;1491.4;Walter Carias;2448793"
"545;5;1090;5;23;Repuesto;2017-05-20;25;75.46;1886.5;Tomas Hermandez;3658878"
"546;6;1092;1;25;Mayoreo;2017-05-21;30;76.35;2290.5;Mario Rojas;2448793"
"547;1;1094;2;1;Mayoreo;2017-05-22;35;77.24;2703.4;Juan Perez;3658878"
"548;2;1096;3;3;Mayoreo;2017-05-23;40;78.13;3125.2;Rolando Lobos;2448793"
"549;3;1098;4;5;Mayoreo;2017-05-24;45;79.02;3555.9;Alexander Aquino;3658878"
"550;4;1100;5;7;Mayoreo;2017-05-25;50;79.91;3995.5;Erick Portillo;2448793"
"551;5;1102;1;9;Mayoreo;2017-05-26;55;80.8;4444;Walter Carias;3658878"
"552;6;1104;2;11;Mayoreo;2017-05-27;60;81.69;4901.4;Tomas Hermandez;2448793"
"553;1;1106;3;13;Mayoreo;2017-05-28;65;82.58;5367.7;Mario Rojas;3658878"
"554;2;1108;4;15;Mayoreo;2017-05-29;70;83.47;5842.9;Juan Perez;2448793"
"555;3;1110;5;17;Repuesto;2017-05-30;75;84.36;6327;Rolando Lobos;3658878"
"556;4;1112;1;19;Repuesto;2017-05-31;80;85.25;6820;Alexander Aquino;2448793"
"557;5;1114;2;21;Repuesto;2017-06-01;85;86.14;7321.9;Erick Portillo;3658878"
"558;6;1116;3;23;Repuesto;2017-06-02;90;87.03;7832.7;Walter Carias;2448793"
"559;1;1118;4;25;Repuesto;2017-06-03;95;87.92;8352.4;Tomas Hermandez;3658878"
"560;2;1120;5;1;Repuesto;2017-06-04;100;88.81;8881;Mario Rojas;2448793"
"561;3;1122;1;3;Repuesto;2017-06-05;105;89.7;9418.5;Juan Perez;3658878"
"562;4;1124;2;5;Mayoreo;2017-06-06;110;90.59;9964.9;Rolando Lobos;2448793"
"563;5;1126;3;7;Mayoreo;2017-06-07;115;91.48;10520.2;Alexander Aquino;3658878"
"564;6;1128;4;9;Mayoreo;2017-06-08;120;92.37;11084.4;Erick Portillo;2448793"
"565;1;1130;5;11;Mayoreo;2017-06-09;125;25.65;3206.25;Walter Carias;3658878"
"566;2;1132;1;13;Mayoreo;2017-06-10;130;84.65;11004.5;Tomas Hermandez;3658878"
"567;3;1134;2;15;Mayoreo;2017-06-11;135;143.65;19392.75;Mario Rojas;2448793"
"568;4;1136;3;17;Mayoreo;2017-06-12;140;10.35;1449;Juan Perez;3658878"
"569;5;1138;4;19;Mayoreo;2017-06-13;145;11.5;1667.5;Rolando Lobos;2448793"
"570;6;1140;5;21;Mayoreo;2017-06-14;150;12.45;1867.5;Alexander Aquino;3658878"
"571;1;1142;1;23;Repuesto;2017-06-15;5;13;65;Erick Portillo;2448793"
"572;2;1144;2;25;Repuesto;2017-06-16;10;14.05;140.5;Walter Carias;3658878"
"573;3;1146;3;1;Repuesto;2017-06-17;15;14.94;224.1;Tomas Hermandez;2448793"
"574;4;1148;4;3;Repuesto;2017-06-18;20;15.83;316.6;Mario Rojas;3658878"
"575;5;1150;5;5;Repuesto;2017-06-19;25;16.72;418;Juan Perez;2448793"
"576;6;1152;1;7;Repuesto;2017-06-20;30;17.61;528.3;Rolando Lobos;3658878"
"577;1;1154;2;9;Repuesto;2017-06-21;35;18.5;647.5;Alexander Aquino;2448793"
"578;2;1156;3;11;Mayoreo;2017-06-22;40;19.39;775.6;Erick Portillo;3658878"
"579;3;1158;4;13;Mayoreo;2017-06-23;45;20.28;912.6;Walter Carias;2448793"
"580;4;1160;5;15;Mayoreo;2017-06-24;50;21.17;1058.5;Tomas Hermandez;3658878"
"581;5;1162;1;17;Mayoreo;2017-06-25;55;22.06;1213.3;Mario Rojas;2448793"
"582;6;1164;2;19;Mayoreo;2017-06-26;60;22.95;1377;Juan Perez;3658878"
"583;1;1166;3;21;Mayoreo;2017-06-27;65;23.84;1549.6;Rolando Lobos;2448793"
"584;2;1168;4;23;Mayoreo;2017-05-16;70;24.73;1731.1;Alexander Aquino;3658878"
"585;3;1170;5;25;Mayoreo;2017-05-17;75;25.62;1921.5;Erick Portillo;2448793"
"586;4;1172;1;1;Mayoreo;2017-05-18;80;26.51;2120.8;Walter Carias;3658878"
"587;5;1174;2;3;Repuesto;2017-05-19;85;27.4;2329;Tomas Hermandez;2448793"
"588;6;1176;3;5;Repuesto;2017-05-20;90;28.29;2546.1;Mario Rojas;3658878"
"589;1;1178;4;7;Repuesto;2017-05-21;95;29.18;2772.1;Juan Perez;2448793"
"590;2;1180;5;9;Repuesto;2017-05-22;100;30.07;3007;Rolando Lobos;3658878"
"591;3;1182;1;11;Repuesto;2017-05-23;105;30.96;3250.8;Alexander Aquino;2448793"
"592;4;1184;2;13;Repuesto;2017-05-24;110;31.85;3503.5;Erick Portillo;3658878"
"593;5;1186;3;15;Repuesto;2017-05-25;115;32.74;3765.1;Walter Carias;2448793"
"594;6;1188;4;17;Mayoreo;2017-05-26;120;33.63;4035.6;Tomas Hermandez;3658878"
"595;1;1190;5;19;Mayoreo;2017-05-27;125;34.52;4315;Mario Rojas;2448793"
"596;2;1192;1;21;Mayoreo;2017-05-28;130;35.41;4603.3;Juan Perez;3658878"
"597;3;1194;2;23;Mayoreo;2017-05-29;135;36.3;4900.5;Rolando Lobos;2448793"
"598;4;1196;3;25;Mayoreo;2017-05-30;140;37.19;5206.6;Alexander Aquino;3658878"
"599;5;1198;4;1;Mayoreo;2017-05-31;145;38.08;5521.6;Erick Portillo;2448793"
"600;6;1200;5;3;Mayoreo;2017-06-01;150;38.97;5845.5;Walter Carias;3658878"
"601;1;1202;1;5;Mayoreo;2017-06-02;5;39.86;199.3;Tomas Hermandez;2448793"
"602;2;1204;2;7;Mayoreo;2017-06-03;10;40.75;407.5;Mario Rojas;3658878"
"603;3;1206;3;9;Repuesto;2017-06-04;15;41.64;624.6;Juan Perez;2448793"
"604;4;1208;4;11;Repuesto;2017-06-05;20;42.53;850.6;Rolando Lobos;3658878"
"605;5;1210;5;13;Repuesto;2017-06-06;25;43.42;1085.5;Alexander Aquino;2448793"
"606;6;1212;1;15;Repuesto;2017-06-07;30;44.31;1329.3;Erick Portillo;3658878"
"607;1;1214;2;17;Repuesto;2017-06-08;35;45.2;1582;Walter Carias;2448793"
"608;2;1216;3;19;Repuesto;2017-06-09;40;46.09;1843.6;Tomas Hermandez;3658878"
"609;3;1218;4;21;Repuesto;2017-06-10;45;46.98;2114.1;Mario Rojas;2448793"
"610;4;1220;5;23;Mayoreo;2017-06-11;50;47.87;2393.5;Juan Perez;3658878"
"611;5;1222;1;25;Mayoreo;2017-06-12;55;48.76;2681.8;Rolando Lobos;3658878"
"612;6;1224;2;1;Mayoreo;2017-06-13;60;49.65;2979;Alexander Aquino;2448793"
"613;1;1226;3;3;Mayoreo;2017-06-14;65;50.54;3285.1;Erick Portillo;3658878"
"614;2;1228;4;5;Mayoreo;2017-06-15;70;51.43;3600.1;Walter Carias;2448793"
"615;3;1230;5;7;Mayoreo;2017-06-16;75;52.32;3924;Tomas Hermandez;3658878"
"616;4;1232;1;9;Mayoreo;2017-06-17;80;53.21;4256.8;Mario Rojas;2448793"
"617;5;1234;2;11;Mayoreo;2017-06-18;85;54.1;4598.5;Juan Perez;3658878"
"618;6;1236;3;13;Mayoreo;2017-06-19;90;54.99;4949.1;Rolando Lobos;2448793"
"619;1;1238;4;15;Repuesto;2017-06-20;95;55.88;5308.6;Alexander Aquino;3658878"
"620;2;1240;5;17;Repuesto;2017-06-21;100;56.77;5677;Erick Portillo;2448793"
"621;3;1242;1;19;Repuesto;2017-06-22;105;57.66;6054.3;Walter Carias;3658878"
"622;4;1244;2;21;Repuesto;2017-06-23;110;58.55;6440.5;Tomas Hermandez;2448793"
"623;5;1246;3;23;Repuesto;2017-06-24;115;59.44;6835.6;Mario Rojas;3658878"
"624;6;1248;4;25;Repuesto;2017-06-25;120;60.33;7239.6;Juan Perez;2448793"
"625;1;1250;5;1;Repuesto;2017-06-26;125;61.22;7652.5;Rolando Lobos;3658878"
"626;2;1252;1;3;Mayoreo;2017-06-27;130;62.11;8074.3;Alexander Aquino;2448793"
"627;3;1254;2;5;Mayoreo;2017-05-16;135;63;8505;Erick Portillo;3658878"
"628;4;1256;3;7;Mayoreo;2017-05-17;140;63.89;8944.6;Walter Carias;2448793"
"629;5;1258;4;9;Mayoreo;2017-05-18;145;64.78;9393.1;Tomas Hermandez;3658878"
"630;6;1260;5;11;Mayoreo;2017-05-19;150;65.67;9850.5;Mario Rojas;2448793"
"631;1;1262;1;13;Mayoreo;2017-05-20;5;66.56;332.8;Juan Perez;3658878"
"632;2;1264;2;15;Mayoreo;2017-05-21;10;67.45;674.5;Rolando Lobos;2448793"
"633;3;1266;3;17;Mayoreo;2017-05-22;15;68.34;1025.1;Alexander Aquino;3658878"
"634;4;1268;4;19;Mayoreo;2017-05-23;20;69.23;1384.6;Erick Portillo;2448793"
"635;5;1270;5;21;Repuesto;2017-05-24;25;70.12;1753;Walter Carias;3658878"
"636;6;1272;1;23;Repuesto;2017-05-25;30;71.01;2130.3;Tomas Hermandez;2448793"
"637;1;1274;2;25;Repuesto;2017-05-26;35;71.9;2516.5;Mario Rojas;3658878"
"638;2;1276;3;1;Repuesto;2017-05-27;40;72.79;2911.6;Juan Perez;2448793"
"639;3;1278;4;3;Repuesto;2017-05-28;45;73.68;3315.6;Rolando Lobos;3658878"
"640;4;1280;5;5;Repuesto;2017-05-29;50;74.57;3728.5;Alexander Aquino;2448793"
"641;5;1282;1;7;Repuesto;2017-05-30;55;75.46;4150.3;Erick Portillo;3658878"
"642;6;1284;2;9;Mayoreo;2017-05-31;60;76.35;4581;Walter Carias;2448793"
"643;1;1286;3;11;Mayoreo;2017-06-01;65;77.24;5020.6;Tomas Hermandez;3658878"
"644;2;1288;4;13;Mayoreo;2017-06-02;70;78.13;5469.1;Mario Rojas;2448793"
"645;3;1290;5;15;Mayoreo;2017-06-03;75;79.02;5926.5;Juan Perez;3658878"
"646;4;1292;1;17;Mayoreo;2017-06-04;80;79.91;6392.8;Rolando Lobos;2448793"
"647;5;1294;2;19;Mayoreo;2017-06-05;85;80.8;6868;Alexander Aquino;3658878"
"648;6;1296;3;21;Mayoreo;2017-06-06;90;81.69;7352.1;Erick Portillo;2448793"
"649;1;1298;4;23;Mayoreo;2017-06-07;95;82.58;7845.1;Walter Carias;3658878"
"650;2;1300;5;25;Mayoreo;2017-06-08;100;83.47;8347;Tomas Hermandez;2448793"
"651;3;1302;1;1;Repuesto;2017-06-09;105;84.36;8857.8;Mario Rojas;3658878"
"652;4;1304;2;3;Repuesto;2017-06-10;110;85.25;9377.5;Juan Perez;2448793"
"653;5;1306;3;5;Repuesto;2017-06-11;115;86.14;9906.1;Rolando Lobos;3658878"
"654;6;1308;4;7;Repuesto;2017-06-12;120;87.03;10443.6;Alexander Aquino;2448793"
"655;1;1310;5;9;Repuesto;2017-06-13;125;87.92;10990;Erick Portillo;3658878"
"656;2;1312;1;11;Repuesto;2017-06-14;130;88.81;11545.3;Walter Carias;3658878"
"657;3;1314;2;13;Repuesto;2017-06-15;135;89.7;12109.5;Tomas Hermandez;2448793"
"658;4;1316;3;15;Mayoreo;2017-06-16;140;90.59;12682.6;Mario Rojas;3658878"
"659;5;1318;4;17;Mayoreo;2017-06-17;145;91.48;13264.6;Juan Perez;2448793"
"660;6;1320;5;19;Mayoreo;2017-06-18;150;92.37;13855.5;Rolando Lobos;3658878"
"661;1;1322;1;21;Mayoreo;2017-06-19;5;10.35;51.75;Alexander Aquino;2448793"
"662;2;1324;2;23;Mayoreo;2017-06-20;10;11.5;115;Erick Portillo;3658878"
"663;3;1326;3;25;Mayoreo;2017-06-21;15;12.45;186.75;Walter Carias;2448793"
"664;4;1328;4;1;Mayoreo;2017-06-22;20;13;260;Tomas Hermandez;3658878"
"665;5;1330;5;3;Mayoreo;2017-06-23;25;14.05;351.25;Mario Rojas;2448793"
"666;6;1332;1;5;Mayoreo;2017-06-24;30;14.94;448.2;Juan Perez;3658878"
"667;1;1334;2;7;Repuesto;2017-06-25;35;15.83;554.05;Rolando Lobos;2448793"
"668;2;1336;3;9;Repuesto;2017-06-26;40;16.72;668.8;Alexander Aquino;3658878"
"669;3;1338;4;11;Repuesto;2017-06-27;45;17.61;792.45;Erick Portillo;2448793"
"670;4;1340;5;13;Repuesto;2017-05-16;50;18.5;925;Walter Carias;3658878"
"671;5;1342;1;15;Repuesto;2017-05-17;55;19.39;1066.45;Tomas Hermandez;2448793"
"672;6;1344;2;17;Repuesto;2017-05-18;60;20.28;1216.8;Mario Rojas;3658878"
"673;1;1346;3;19;Repuesto;2017-05-19;65;21.17;1376.05;Juan Perez;2448793"
"674;2;1348;4;21;Mayoreo;2017-05-20;70;22.06;1544.2;Rolando Lobos;3658878"
"675;3;1350;5;23;Mayoreo;2017-05-21;75;22.95;1721.25;Alexander Aquino;2448793"
"676;4;1352;1;25;Mayoreo;2017-05-22;80;23.84;1907.2;Erick Portillo;3658878"
"677;5;1354;2;1;Mayoreo;2017-05-23;85;24.73;2102.05;Walter Carias;2448793"
"678;6;1356;3;3;Mayoreo;2017-05-24;90;25.62;2305.8;Tomas Hermandez;3658878"
"679;1;1358;4;5;Mayoreo;2017-05-25;95;26.51;2518.45;Mario Rojas;2448793"
"680;2;1360;5;7;Mayoreo;2017-05-26;100;27.4;2740;Juan Perez;3658878"
"681;3;1362;1;9;Mayoreo;2017-05-27;105;28.29;2970.45;Rolando Lobos;2448793"
"682;4;1364;2;11;Mayoreo;2017-05-28;110;29.18;3209.8;Alexander Aquino;3658878"
"683;5;1366;3;13;Repuesto;2017-05-29;115;30.07;3458.05;Erick Portillo;2448793"
"684;6;1368;4;15;Repuesto;2017-05-30;120;30.96;3715.2;Walter Carias;3658878"
"685;1;1370;5;17;Repuesto;2017-05-31;125;31.85;3981.25;Tomas Hermandez;2448793"
"686;2;1372;1;19;Repuesto;2017-06-01;130;32.74;4256.2;Mario Rojas;3658878"
"687;3;1374;2;21;Repuesto;2017-06-02;135;33.63;4540.05;Juan Perez;2448793"
"688;4;1376;3;23;Repuesto;2017-06-03;140;34.52;4832.8;Rolando Lobos;3658878"
"689;5;1378;4;25;Repuesto;2017-06-04;145;35.41;5134.45;Alexander Aquino;2448793"
"690;6;1380;5;1;Mayoreo;2017-06-05;150;36.3;5445;Erick Portillo;3658878"
"691;1;1382;1;3;Mayoreo;2017-06-06;5;37.19;185.95;Walter Carias;2448793"
"692;2;1384;2;5;Mayoreo;2017-06-07;10;38.08;380.8;Tomas Hermandez;3658878"
"693;3;1386;3;7;Mayoreo;2017-06-08;15;38.97;584.55;Mario Rojas;2448793"
"694;4;1388;4;9;Mayoreo;2017-06-09;20;39.86;797.2;Juan Perez;3658878"
"695;5;1390;5;11;Mayoreo;2017-06-10;25;40.75;1018.75;Rolando Lobos;2448793"
"696;6;1392;1;13;Mayoreo;2017-06-11;30;41.64;1249.2;Alexander Aquino;3658878"
"697;1;1394;2;15;Mayoreo;2017-06-12;35;42.53;1488.55;Erick Portillo;2448793"
"698;2;1396;3;17;Mayoreo;2017-06-13;40;43.42;1736.8;Walter Carias;3658878"
"699;3;1398;4;19;Repuesto;2017-06-14;45;44.31;1993.95;Tomas Hermandez;2448793"
"700;4;1400;5;21;Repuesto;2017-06-15;50;45.2;2260;Mario Rojas;3658878"
