id;idproducto;centrocodigo;centronombre;fecharealizado;unidadescontadas;unidadessistema;preciounitario;montodiferencias
1;1;1;Grupo Q;2016-01-05;0;10;12.6;0
2;3;2;GEVESA;2016-01-06;1;12;13.4;13.4
3;5;3;Autopista sur;2016-01-07;2;14;14.2;28.4
4;7;4;Santa Elena;2016-01-08;3;16;15;45
5;9;5;San  Miguel;2016-01-09;4;18;15.8;63.2
6;11;6;Santa Ana;2016-01-10;5;20;16.6;83
7;13;1;Grupo Q;2016-01-11;6;22;17.4;104.4
8;15;2;GEVESA;2016-01-12;7;24;18.2;127.4
9;17;3;Autopista sur;2016-01-13;8;26;19;152
10;19;4;Santa Elena;2016-01-14;9;28;19.8;178.2
11;21;5;San  Miguel;2016-01-15;0;30;20.6;0
12;23;6;Santa Ana;2016-01-16;1;32;21.4;21.4
13;25;1;Grupo Q;2016-01-17;2;34;22.2;44.4
14;27;2;GEVESA;2016-01-18;3;36;23;69
15;29;3;Autopista sur;2016-01-19;4;38;23.8;95.2
16;31;4;Santa Elena;2016-01-20;5;40;24.6;123
17;33;5;San  Miguel;2016-01-21;6;42;25.4;152.4
18;35;6;Santa Ana;2016-01-22;7;44;26.2;183.4
19;37;1;Grupo Q;2016-01-23;8;46;27;216
20;39;2;GEVESA;2016-01-24;9;48;27.8;250.2
21;41;3;Autopista sur;2016-01-25;0;50;28.6;0
22;43;4;Santa Elena;2016-01-26;1;52;29.4;29.4
23;45;5;San  Miguel;2016-01-27;2;10;30.2;60.4
24;47;6;Santa Ana;2016-01-28;3;12;31;93
25;49;1;Grupo Q;2016-01-29;4;14;31.8;127.2
26;51;2;GEVESA;2016-01-30;5;16;32.6;163
27;53;3;Autopista sur;2016-01-31;6;18;33.4;200.4
28;55;4;Santa Elena;2016-02-01;7;20;34.2;239.4
29;57;5;San  Miguel;2016-02-02;8;22;35;280
30;59;6;Santa Ana;2016-02-03;9;24;35.8;322.2
31;61;1;Grupo Q;2016-02-04;0;26;36.6;0
32;63;2;GEVESA;2016-02-05;1;28;37.4;37.4
33;65;3;Autopista sur;2016-02-06;2;30;38.2;76.4
34;67;4;Santa Elena;2016-02-07;3;32;39;117
35;69;5;San  Miguel;2016-02-08;4;34;39.8;159.2
36;71;6;Santa Ana;2016-02-09;5;36;40.6;203
37;73;1;Grupo Q;2016-02-10;6;38;41.4;248.4
38;75;2;GEVESA;2016-02-11;7;40;12.6;88.2
39;77;3;Autopista sur;2016-02-12;8;42;13.4;107.2
40;79;4;Santa Elena;2016-02-13;9;44;14.2;127.8
41;81;5;San  Miguel;2016-02-14;0;46;15;0
42;83;6;Santa Ana;2016-02-15;1;48;15.8;15.8
43;85;1;Grupo Q;2016-02-16;2;50;16.6;33.2
44;87;2;GEVESA;2016-02-17;3;52;17.4;52.2
45;89;3;Autopista sur;2016-02-18;4;10;18.2;72.8
46;91;4;Santa Elena;2016-02-19;5;12;19;95
47;93;5;San  Miguel;2016-02-20;6;14;19.8;118.8
48;95;6;Santa Ana;2016-02-21;7;16;20.6;144.2
49;97;1;Grupo Q;2016-02-22;8;18;21.4;171.2
50;99;2;GEVESA;2016-02-23;9;20;22.2;199.8
51;101;3;Autopista sur;2016-02-24;0;22;23;0
52;103;4;Santa Elena;2016-02-25;1;24;23.8;23.8
53;105;5;San  Miguel;2016-02-26;2;26;24.6;49.2
54;107;6;Santa Ana;2016-02-27;3;28;25.4;76.2
55;109;1;Grupo Q;2016-02-28;4;30;26.2;104.8
56;111;2;GEVESA;2016-02-29;5;32;27;135
57;113;3;Autopista sur;2016-03-01;6;34;27.8;166.8
58;115;4;Santa Elena;2016-03-02;7;36;28.6;200.2
59;117;5;San  Miguel;2016-03-03;8;38;29.4;235.2
60;119;6;Santa Ana;2016-03-04;9;40;30.2;271.8
61;121;1;Grupo Q;2016-03-05;0;42;31;0
62;123;2;GEVESA;2016-03-06;1;44;31.8;31.8
63;125;3;Autopista sur;2016-03-07;2;46;32.6;65.2
64;127;4;Santa Elena;2016-03-08;3;48;33.4;100.2
65;129;5;San  Miguel;2016-03-09;4;50;34.2;136.8
66;131;6;Santa Ana;2016-03-10;5;52;35;175
67;133;1;Grupo Q;2016-03-11;6;10;35.8;214.8
68;135;2;GEVESA;2016-03-12;7;12;36.6;256.2
69;137;3;Autopista sur;2016-03-13;8;14;37.4;299.2
70;139;4;Santa Elena;2016-03-14;9;16;38.2;343.8
71;141;5;San  Miguel;2016-03-15;0;18;39;0
72;143;6;Santa Ana;2016-03-16;1;20;39.8;39.8
73;145;1;Grupo Q;2016-03-17;2;22;40.6;81.2
74;147;2;GEVESA;2016-03-18;3;24;41.4;124.2
75;149;3;Autopista sur;2016-03-19;4;26;12.6;50.4
76;151;4;Santa Elena;2016-03-20;5;28;13.4;67
77;153;5;San  Miguel;2016-03-21;6;30;14.2;85.2
78;155;6;Santa Ana;2016-03-22;7;32;15;105
79;157;1;Grupo Q;2016-03-23;8;34;15.8;126.4
80;159;2;GEVESA;2016-03-24;9;36;16.6;149.4
81;161;3;Autopista sur;2016-03-25;0;38;17.4;0
82;163;4;Santa Elena;2016-03-26;1;40;18.2;18.2
83;165;5;San  Miguel;2016-03-27;2;42;19;38
84;167;6;Santa Ana;2016-03-28;3;44;19.8;59.4
85;169;1;Grupo Q;2016-03-29;4;46;20.6;82.4
86;171;2;GEVESA;2016-03-30;5;48;21.4;107
87;173;3;Autopista sur;2016-03-31;6;50;22.2;133.2
88;175;4;Santa Elena;2016-04-01;7;52;23;161
89;177;5;San  Miguel;2016-04-02;8;10;23.8;190.4
90;179;6;Santa Ana;2016-04-03;9;12;24.6;221.4
91;181;1;Grupo Q;2016-04-04;0;14;25.4;0
92;183;2;GEVESA;2016-04-05;1;16;26.2;26.2
93;185;3;Autopista sur;2016-04-06;2;18;27;54
94;187;4;Santa Elena;2016-04-07;3;20;27.8;83.4
95;189;5;San  Miguel;2016-04-08;4;22;28.6;114.4
96;191;6;Santa Ana;2016-04-09;5;24;29.4;147
97;193;1;Grupo Q;2016-04-10;6;26;30.2;181.2
98;195;2;GEVESA;2016-04-11;7;28;31;217
99;197;3;Autopista sur;2016-04-12;8;30;31.8;254.4
100;199;4;Santa Elena;2016-04-13;9;32;32.6;293.4
101;201;5;San  Miguel;2016-04-14;0;34;33.4;0
102;203;6;Santa Ana;2016-04-15;1;36;34.2;34.2
103;205;1;Grupo Q;2016-04-16;2;38;35;70
104;207;2;GEVESA;2016-04-17;3;40;35.8;107.4
105;209;3;Autopista sur;2016-04-18;4;42;36.6;146.4
106;211;4;Santa Elena;2016-04-19;5;44;37.4;187
107;213;5;San  Miguel;2016-04-20;6;46;38.2;229.2
108;215;6;Santa Ana;2016-04-21;7;48;39;273
109;217;1;Grupo Q;2016-04-22;8;50;39.8;318.4
110;219;2;GEVESA;2016-04-23;9;52;40.6;365.4
111;221;3;Autopista sur;2016-04-24;0;10;41.4;0
112;223;4;Santa Elena;2016-04-25;1;12;12.6;12.6
113;225;5;San  Miguel;2016-04-26;2;14;13.4;26.8
114;227;6;Santa Ana;2016-04-27;3;16;14.2;42.6
115;229;1;Grupo Q;2016-04-28;4;18;15;60
116;231;2;GEVESA;2016-04-29;5;20;15.8;79
117;233;3;Autopista sur;2016-04-30;6;22;16.6;99.6
118;235;4;Santa Elena;2016-05-01;7;24;17.4;121.8
119;237;5;San  Miguel;2016-05-02;8;26;18.2;145.6
120;239;6;Santa Ana;2016-05-03;9;28;19;171
121;241;1;Grupo Q;2016-05-04;0;30;19.8;0
122;243;2;GEVESA;2016-05-05;1;32;20.6;20.6
123;245;3;Autopista sur;2016-05-06;2;34;21.4;42.8
124;247;4;Santa Elena;2016-05-07;3;36;22.2;66.6
125;249;5;San  Miguel;2016-05-08;4;38;23;92
126;251;6;Santa Ana;2016-05-09;5;40;23.8;119
127;253;1;Grupo Q;2016-05-10;6;42;24.6;147.6
128;255;2;GEVESA;2016-05-11;7;44;25.4;177.8
129;257;3;Autopista sur;2016-05-12;8;46;26.2;209.6
130;259;4;Santa Elena;2016-05-13;9;48;27;243
131;261;5;San  Miguel;2016-05-14;0;50;27.8;0
132;263;6;Santa Ana;2016-05-15;1;52;28.6;28.6
133;265;1;Grupo Q;2016-05-16;2;10;29.4;58.8
134;267;2;GEVESA;2016-05-17;3;12;30.2;90.6
135;269;3;Autopista sur;2016-05-18;4;14;31;124
136;271;4;Santa Elena;2016-05-19;5;16;31.8;159
137;273;5;San  Miguel;2016-05-20;6;18;32.6;195.6
138;275;6;Santa Ana;2016-05-21;7;20;33.4;233.8
139;277;1;Grupo Q;2016-05-22;8;22;34.2;273.6
140;279;2;GEVESA;2016-05-23;9;24;35;315
141;281;3;Autopista sur;2016-05-24;0;26;35.8;0
142;283;4;Santa Elena;2016-05-25;1;28;36.6;36.6
143;285;5;San  Miguel;2016-05-26;2;30;37.4;74.8
144;287;6;Santa Ana;2016-05-27;3;32;38.2;114.6
145;289;1;Grupo Q;2016-05-28;4;34;39;156
146;291;2;GEVESA;2016-05-29;5;36;39.8;199
147;293;3;Autopista sur;2016-05-30;6;38;40.6;243.6
148;295;4;Santa Elena;2016-05-31;7;40;41.4;289.8
149;297;5;San  Miguel;2016-06-01;8;42;12.6;100.8
150;299;6;Santa Ana;2016-06-02;9;44;13.4;120.6
151;301;1;Grupo Q;2016-06-03;0;46;14.2;0
152;303;2;GEVESA;2016-06-04;1;48;15;15
153;305;3;Autopista sur;2016-06-05;2;50;15.8;31.6
154;307;4;Santa Elena;2016-06-06;3;52;16.6;49.8
155;309;5;San  Miguel;2016-06-07;4;10;17.4;69.6
156;311;6;Santa Ana;2016-06-08;5;12;18.2;91
157;313;1;Grupo Q;2016-06-09;6;14;19;114
158;315;2;GEVESA;2016-06-10;7;16;19.8;138.6
159;317;3;Autopista sur;2016-06-11;8;18;20.6;164.8
160;319;4;Santa Elena;2016-06-12;9;20;21.4;192.6
161;321;5;San  Miguel;2016-06-13;0;22;22.2;0
162;323;6;Santa Ana;2016-06-14;1;24;23;23
163;325;1;Grupo Q;2016-06-15;2;26;23.8;47.6
164;327;2;GEVESA;2016-06-16;3;28;24.6;73.8
165;329;3;Autopista sur;2016-06-17;4;30;25.4;101.6
166;331;4;Santa Elena;2016-06-18;5;32;26.2;131
167;333;5;San  Miguel;2016-06-19;6;34;27;162
168;335;6;Santa Ana;2016-06-20;7;36;27.8;194.6
169;337;1;Grupo Q;2016-06-21;8;38;28.6;228.8
170;339;2;GEVESA;2016-06-22;9;40;29.4;264.6
171;341;3;Autopista sur;2016-06-23;0;42;30.2;0
172;343;4;Santa Elena;2016-06-24;1;44;31;31
173;345;5;San  Miguel;2016-06-25;2;46;31.8;63.6
174;347;6;Santa Ana;2016-06-26;3;48;32.6;97.8
175;349;1;Grupo Q;2016-06-27;4;50;33.4;133.6
176;351;2;GEVESA;2016-06-28;5;52;34.2;171
177;353;3;Autopista sur;2016-06-29;6;10;35;210
178;355;4;Santa Elena;2016-06-30;7;12;35.8;250.6
179;357;5;San  Miguel;2016-07-01;8;14;36.6;292.8
180;359;6;Santa Ana;2016-07-02;9;16;37.4;336.6
181;361;1;Grupo Q;2016-07-03;0;18;38.2;0
182;363;2;GEVESA;2016-07-04;1;20;39;39
183;365;3;Autopista sur;2016-07-05;2;22;39.8;79.6
184;367;4;Santa Elena;2016-07-06;3;24;40.6;121.8
185;369;5;San  Miguel;2016-07-07;4;26;41.4;165.6
186;371;6;Santa Ana;2016-07-08;5;28;12.6;63
187;373;1;Grupo Q;2016-07-09;6;30;13.4;80.4
188;375;2;GEVESA;2016-07-10;7;32;14.2;99.4
189;377;3;Autopista sur;2016-07-11;8;34;15;120
190;379;4;Santa Elena;2016-07-12;9;36;15.8;142.2
191;381;5;San  Miguel;2016-07-13;0;38;16.6;0
192;383;6;Santa Ana;2016-07-14;1;40;17.4;17.4
193;385;1;Grupo Q;2016-07-15;2;42;18.2;36.4
194;387;2;GEVESA;2016-07-16;3;44;19;57
195;389;3;Autopista sur;2016-07-17;4;46;19.8;79.2
196;391;4;Santa Elena;2016-07-18;5;48;20.6;103
197;393;5;San  Miguel;2016-07-19;6;50;21.4;128.4
198;395;6;Santa Ana;2016-07-20;7;52;22.2;155.4
199;397;1;Grupo Q;2016-07-21;8;10;23;184
200;399;2;GEVESA;2016-07-22;9;12;23.8;214.2
201;401;3;Autopista sur;2016-07-23;0;14;24.6;0
202;403;4;Santa Elena;2016-07-24;1;16;25.4;25.4
203;405;5;San  Miguel;2016-07-25;2;18;26.2;52.4
204;407;6;Santa Ana;2016-07-26;3;20;27;81
205;409;1;Grupo Q;2016-07-27;4;22;27.8;111.2
206;411;2;GEVESA;2016-07-28;5;24;28.6;143
207;413;3;Autopista sur;2016-07-29;6;26;29.4;176.4
208;415;4;Santa Elena;2016-07-30;7;28;30.2;211.4
209;417;5;San  Miguel;2016-07-31;8;30;31;248
210;419;6;Santa Ana;2016-08-01;9;32;31.8;286.2
211;421;1;Grupo Q;2016-08-02;0;34;32.6;0
212;423;2;GEVESA;2016-08-03;1;36;33.4;33.4
213;425;3;Autopista sur;2016-08-04;2;38;34.2;68.4
214;427;4;Santa Elena;2016-08-05;3;40;35;105
215;429;5;San  Miguel;2016-08-06;4;42;35.8;143.2
216;431;6;Santa Ana;2016-08-07;5;44;36.6;183
217;433;1;Grupo Q;2016-08-08;6;46;37.4;224.4
218;435;2;GEVESA;2016-08-09;7;48;38.2;267.4
219;437;3;Autopista sur;2016-08-10;8;50;39;312
220;439;4;Santa Elena;2016-08-11;9;52;39.8;358.2
221;441;5;San  Miguel;2016-08-12;0;10;40.6;0
222;443;6;Santa Ana;2016-08-13;1;12;41.4;41.4
223;445;1;Grupo Q;2016-08-14;2;14;12.6;25.2
224;447;2;GEVESA;2016-08-15;3;16;13.4;40.2
225;449;3;Autopista sur;2016-08-16;4;18;14.2;56.8
226;451;4;Santa Elena;2016-08-17;5;20;15;75
227;453;5;San  Miguel;2016-08-18;6;22;15.8;94.8
228;455;6;Santa Ana;2016-08-19;7;24;16.6;116.2
229;457;1;Grupo Q;2016-08-20;8;26;17.4;139.2
230;459;2;GEVESA;2016-08-21;9;28;18.2;163.8
231;461;3;Autopista sur;2016-08-22;0;30;19;0
232;463;4;Santa Elena;2016-08-23;1;32;19.8;19.8
233;465;5;San  Miguel;2016-08-24;2;34;20.6;41.2
234;467;6;Santa Ana;2016-08-25;3;36;21.4;64.2
235;469;1;Grupo Q;2016-08-26;4;38;22.2;88.8
236;471;2;GEVESA;2016-08-27;5;40;23;115
237;473;3;Autopista sur;2016-08-28;6;42;23.8;142.8
238;475;4;Santa Elena;2016-08-29;7;44;24.6;172.2
239;477;5;San  Miguel;2016-08-30;8;46;25.4;203.2
240;479;6;Santa Ana;2016-08-31;9;48;26.2;235.8
241;481;1;Grupo Q;2016-09-01;0;50;27;0
242;483;2;GEVESA;2016-09-02;1;52;27.8;27.8
243;485;3;Autopista sur;2016-09-03;2;10;28.6;57.2
244;487;4;Santa Elena;2016-09-04;3;12;29.4;88.2
245;489;5;San  Miguel;2016-09-05;4;14;30.2;120.8
246;491;6;Santa Ana;2016-09-06;5;16;31;155
247;493;1;Grupo Q;2016-09-07;6;18;31.8;190.8
248;495;2;GEVESA;2016-09-08;7;20;32.6;228.2
249;497;3;Autopista sur;2016-09-09;8;22;33.4;267.2
250;499;4;Santa Elena;2016-09-10;9;24;34.2;307.8
251;501;5;San  Miguel;2016-09-11;0;26;35;0
252;503;6;Santa Ana;2016-09-12;1;28;35.8;35.8
253;505;1;Grupo Q;2016-09-13;2;30;36.6;73.2
254;507;2;GEVESA;2016-09-14;3;32;37.4;112.2
255;509;3;Autopista sur;2016-09-15;4;34;38.2;152.8
256;511;4;Santa Elena;2016-09-16;5;36;39;195
257;513;5;San  Miguel;2016-09-17;6;38;39.8;238.8
258;515;6;Santa Ana;2016-09-18;7;40;40.6;284.2
259;517;1;Grupo Q;2016-09-19;8;42;41.4;331.2
260;519;2;GEVESA;2016-09-20;9;44;12.6;113.4
261;521;3;Autopista sur;2016-09-21;0;46;13.4;0
262;523;4;Santa Elena;2016-09-22;1;48;14.2;14.2
263;525;5;San  Miguel;2016-09-23;2;50;15;30
264;527;6;Santa Ana;2016-09-24;3;52;15.8;47.4
265;529;1;Grupo Q;2016-09-25;4;10;16.6;66.4
266;531;2;GEVESA;2016-09-26;5;12;17.4;87
267;533;3;Autopista sur;2016-09-27;6;14;18.2;109.2
268;535;4;Santa Elena;2016-09-28;7;16;19;133
269;537;5;San  Miguel;2016-09-29;8;18;19.8;158.4
270;539;6;Santa Ana;2016-09-30;9;20;20.6;185.4
271;541;1;Grupo Q;2016-10-01;0;22;21.4;0
272;543;2;GEVESA;2016-10-02;1;24;22.2;22.2
273;545;3;Autopista sur;2016-10-03;2;26;23;46
274;547;4;Santa Elena;2016-10-04;3;28;23.8;71.4
275;549;5;San  Miguel;2016-10-05;4;30;24.6;98.4
276;551;6;Santa Ana;2016-10-06;5;32;25.4;127
277;553;1;Grupo Q;2016-10-07;6;34;26.2;157.2
278;555;2;GEVESA;2016-10-08;7;36;27;189
279;557;3;Autopista sur;2016-10-09;8;38;27.8;222.4
280;559;4;Santa Elena;2016-10-10;9;40;28.6;257.4
281;561;5;San  Miguel;2016-10-11;0;42;29.4;0
282;563;6;Santa Ana;2016-10-12;1;44;30.2;30.2
283;565;1;Grupo Q;2016-10-13;2;46;31;62
284;567;2;GEVESA;2016-10-14;3;48;31.8;95.4
285;569;3;Autopista sur;2016-10-15;4;50;32.6;130.4
286;571;4;Santa Elena;2016-10-16;5;52;33.4;167
287;573;5;San  Miguel;2016-10-17;6;10;34.2;205.2
288;575;6;Santa Ana;2016-10-18;7;12;35;245
289;577;1;Grupo Q;2016-10-19;8;14;35.8;286.4
290;579;2;GEVESA;2016-10-20;9;16;36.6;329.4
291;581;3;Autopista sur;2016-10-21;0;18;37.4;0
292;583;4;Santa Elena;2016-10-22;1;20;38.2;38.2
293;585;5;San  Miguel;2016-10-23;2;22;39;78
294;587;6;Santa Ana;2016-10-24;3;24;39.8;119.4
295;589;1;Grupo Q;2016-10-25;4;26;40.6;162.4
296;591;2;GEVESA;2016-10-26;5;28;41.4;207
297;593;3;Autopista sur;2016-10-27;6;30;12.6;75.6
298;595;4;Santa Elena;2016-10-28;7;32;13.4;93.8
299;597;5;San  Miguel;2016-10-29;8;34;14.2;113.6
300;599;6;Santa Ana;2016-10-30;9;36;15;135
301;601;1;Grupo Q;2016-10-31;0;38;15.8;0
302;603;2;GEVESA;2016-11-01;1;40;16.6;16.6
303;605;3;Autopista sur;2016-11-02;2;42;17.4;34.8
304;607;4;Santa Elena;2016-11-03;3;44;18.2;54.6
305;609;5;San  Miguel;2016-11-04;4;46;19;76
306;611;6;Santa Ana;2016-11-05;5;48;19.8;99
307;613;1;Grupo Q;2016-11-06;6;50;20.6;123.6
308;615;2;GEVESA;2016-11-07;7;52;21.4;149.8
309;617;3;Autopista sur;2016-11-08;8;10;22.2;177.6
310;619;4;Santa Elena;2016-11-09;9;12;23;207
311;621;5;San  Miguel;2016-11-10;0;14;23.8;0
312;623;6;Santa Ana;2016-11-11;1;16;24.6;24.6
313;625;1;Grupo Q;2016-11-12;2;18;25.4;50.8
314;627;2;GEVESA;2016-11-13;3;20;26.2;78.6
315;629;3;Autopista sur;2016-11-14;4;22;27;108
316;631;4;Santa Elena;2016-11-15;5;24;27.8;139
317;633;5;San  Miguel;2016-11-16;6;26;28.6;171.6
318;635;6;Santa Ana;2016-11-17;7;28;29.4;205.8
319;637;1;Grupo Q;2016-11-18;8;30;30.2;241.6
320;639;2;GEVESA;2016-11-19;9;32;31;279
321;641;3;Autopista sur;2016-11-20;0;34;31.8;0
322;643;4;Santa Elena;2016-11-21;1;36;32.6;32.6
323;645;5;San  Miguel;2016-11-22;2;38;33.4;66.8
324;647;6;Santa Ana;2016-11-23;3;40;34.2;102.6
325;649;1;Grupo Q;2016-11-24;4;42;35;140
326;651;2;GEVESA;2016-11-25;5;44;35.8;179
327;653;3;Autopista sur;2016-11-26;6;46;36.6;219.6
328;655;4;Santa Elena;2016-11-27;7;48;37.4;261.8
329;657;5;San  Miguel;2016-11-28;8;50;38.2;305.6
330;659;6;Santa Ana;2016-11-29;9;52;39;351
331;661;1;Grupo Q;2016-11-30;0;10;39.8;0
332;663;2;GEVESA;2016-12-01;1;12;40.6;40.6
333;665;3;Autopista sur;2016-12-02;2;14;41.4;82.8
334;667;4;Santa Elena;2016-12-03;3;16;12.6;37.8
335;669;5;San  Miguel;2016-12-04;4;18;13.4;53.6
336;671;6;Santa Ana;2016-12-05;5;20;14.2;71
337;673;1;Grupo Q;2016-12-06;6;22;15;90
338;675;2;GEVESA;2016-12-07;7;24;15.8;110.6
339;677;3;Autopista sur;2016-12-08;8;26;16.6;132.8
340;679;4;Santa Elena;2016-12-09;9;28;17.4;156.6
341;681;5;San  Miguel;2016-12-10;0;30;18.2;0
342;683;6;Santa Ana;2016-12-11;1;32;19;19
343;685;1;Grupo Q;2016-12-12;2;34;19.8;39.6
344;687;2;GEVESA;2016-12-13;3;36;20.6;61.8
345;689;3;Autopista sur;2016-12-14;4;38;21.4;85.6
346;691;4;Santa Elena;2016-12-15;5;40;22.2;111
347;693;5;San  Miguel;2016-12-16;6;42;23;138
348;695;6;Santa Ana;2016-12-17;7;44;23.8;166.6
349;697;1;Grupo Q;2016-12-18;8;46;24.6;196.8
350;699;2;GEVESA;2016-12-19;9;48;25.4;228.6
351;701;3;Autopista sur;2016-12-20;0;50;26.2;0
352;703;4;Santa Elena;2016-12-21;1;52;27;27
353;705;5;San  Miguel;2016-12-22;2;10;27.8;55.6
354;707;6;Santa Ana;2016-12-23;3;12;28.6;85.8
355;709;1;Grupo Q;2016-12-24;4;14;29.4;117.6
356;711;2;GEVESA;2016-12-25;5;16;30.2;151
357;713;3;Autopista sur;2016-12-26;6;18;31;186
358;715;4;Santa Elena;2016-12-27;7;20;31.8;222.6
359;717;5;San  Miguel;2016-12-28;8;22;32.6;260.8
360;719;6;Santa Ana;2016-12-29;9;24;33.4;300.6
361;721;1;Grupo Q;2016-12-30;0;26;34.2;0
362;723;2;GEVESA;2016-12-31;1;28;35;35
363;725;3;Autopista sur;2017-01-01;2;30;35.8;71.6
364;727;4;Santa Elena;2017-01-02;3;32;36.6;109.8
365;729;5;San  Miguel;2017-01-03;4;34;37.4;149.6
366;731;6;Santa Ana;2017-01-04;5;36;38.2;191
367;733;1;Grupo Q;2017-01-05;6;38;39;234
368;735;2;GEVESA;2017-01-06;7;40;39.8;278.6
369;737;3;Autopista sur;2017-01-07;8;42;40.6;324.8
370;739;4;Santa Elena;2017-01-08;9;44;41.4;372.6
371;741;5;San  Miguel;2017-01-09;0;46;12.6;0
372;743;6;Santa Ana;2017-01-10;1;48;13.4;13.4
373;745;1;Grupo Q;2017-01-11;2;50;14.2;28.4
374;747;2;GEVESA;2017-01-12;3;52;15;45
375;749;3;Autopista sur;2017-01-13;4;10;15.8;63.2
376;751;4;Santa Elena;2017-01-14;5;12;16.6;83
377;753;5;San  Miguel;2017-01-15;6;14;17.4;104.4
378;755;6;Santa Ana;2017-01-16;7;16;18.2;127.4
379;757;1;Grupo Q;2017-01-17;8;18;19;152
380;759;2;GEVESA;2017-01-18;9;20;19.8;178.2
381;761;3;Autopista sur;2017-01-19;0;22;20.6;0
382;763;4;Santa Elena;2017-01-20;1;24;21.4;21.4
383;765;5;San  Miguel;2017-01-21;2;26;22.2;44.4
384;767;6;Santa Ana;2017-01-22;3;28;23;69
385;769;1;Grupo Q;2017-01-23;4;30;23.8;95.2
386;771;2;GEVESA;2017-01-24;5;32;24.6;123
387;773;3;Autopista sur;2017-01-25;6;34;25.4;152.4
388;775;4;Santa Elena;2017-01-26;7;36;26.2;183.4
389;777;5;San  Miguel;2017-01-27;8;38;27;216
390;779;6;Santa Ana;2017-01-28;9;40;27.8;250.2
391;781;1;Grupo Q;2017-01-29;0;42;28.6;0
392;783;2;GEVESA;2017-01-30;1;44;29.4;29.4
393;785;3;Autopista sur;2017-01-31;2;46;30.2;60.4
394;787;4;Santa Elena;2017-02-01;3;48;31;93
395;789;5;San  Miguel;2017-02-02;4;50;31.8;127.2
396;791;6;Santa Ana;2017-02-03;5;52;32.6;163
397;793;1;Grupo Q;2017-02-04;6;10;33.4;200.4
398;795;2;GEVESA;2017-02-05;7;12;34.2;239.4
399;797;3;Autopista sur;2017-02-06;8;14;35;280
400;799;4;Santa Elena;2017-02-07;9;16;35.8;322.2
401;801;5;San  Miguel;2017-02-08;0;18;36.6;0
402;803;6;Santa Ana;2017-02-09;1;20;37.4;37.4
403;805;1;Grupo Q;2017-02-10;2;22;38.2;76.4
404;807;2;GEVESA;2017-02-11;3;24;39;117
405;809;3;Autopista sur;2017-02-12;4;26;39.8;159.2
406;811;4;Santa Elena;2017-02-13;5;28;40.6;203
407;813;5;San  Miguel;2017-02-14;6;30;41.4;248.4
408;815;6;Santa Ana;2017-02-15;7;32;12.6;88.2
409;817;1;Grupo Q;2017-02-16;8;34;13.4;107.2
410;819;2;GEVESA;2017-02-17;9;36;14.2;127.8
411;821;3;Autopista sur;2017-02-18;0;38;15;0
412;823;4;Santa Elena;2017-02-19;1;40;15.8;15.8
413;825;5;San  Miguel;2017-02-20;2;42;16.6;33.2
414;827;6;Santa Ana;2017-02-21;3;44;17.4;52.2
415;829;1;Grupo Q;2017-02-22;4;46;18.2;72.8
416;831;2;GEVESA;2017-02-23;5;48;19;95
417;833;3;Autopista sur;2017-02-24;6;50;19.8;118.8
418;835;4;Santa Elena;2017-02-25;7;52;20.6;144.2
419;837;5;San  Miguel;2017-02-26;8;10;21.4;171.2
420;839;6;Santa Ana;2017-02-27;9;12;22.2;199.8
421;841;1;Grupo Q;2017-02-28;0;14;23;0
422;843;2;GEVESA;2017-03-01;1;16;23.8;23.8
423;845;3;Autopista sur;2017-03-02;2;18;24.6;49.2
424;847;4;Santa Elena;2017-03-03;3;20;25.4;76.2
425;849;5;San  Miguel;2017-03-04;4;22;26.2;104.8
426;851;6;Santa Ana;2017-03-05;5;24;27;135
427;853;1;Grupo Q;2017-03-06;6;26;27.8;166.8
428;855;2;GEVESA;2017-03-07;7;28;28.6;200.2
429;857;3;Autopista sur;2017-03-08;8;30;29.4;235.2
430;859;4;Santa Elena;2017-03-09;9;32;30.2;271.8
431;861;5;San  Miguel;2017-03-10;0;34;31;0
432;863;6;Santa Ana;2017-03-11;1;36;31.8;31.8
433;865;1;Grupo Q;2017-03-12;2;38;32.6;65.2
434;867;2;GEVESA;2017-03-13;3;40;33.4;100.2
435;869;3;Autopista sur;2017-03-14;4;42;34.2;136.8
436;871;4;Santa Elena;2017-03-15;5;44;35;175
437;873;5;San  Miguel;2017-03-16;6;46;35.8;214.8
438;875;6;Santa Ana;2017-03-17;7;48;36.6;256.2
439;877;1;Grupo Q;2017-03-18;8;50;37.4;299.2
440;879;2;GEVESA;2017-03-19;9;52;38.2;343.8
441;881;3;Autopista sur;2017-03-20;0;10;39;0
442;883;4;Santa Elena;2017-03-21;1;12;39.8;39.8
443;885;5;San  Miguel;2017-03-22;2;14;40.6;81.2
444;887;6;Santa Ana;2017-03-23;3;16;41.4;124.2
445;889;1;Grupo Q;2017-03-24;4;18;12.6;50.4
446;891;2;GEVESA;2017-03-25;5;20;13.4;67
447;893;3;Autopista sur;2017-03-26;6;22;14.2;85.2
448;895;4;Santa Elena;2017-03-27;7;24;15;105
449;897;5;San  Miguel;2017-03-28;8;26;15.8;126.4
450;899;6;Santa Ana;2017-03-29;9;28;16.6;149.4
451;901;1;Grupo Q;2017-03-30;0;30;17.4;0
452;903;2;GEVESA;2017-03-31;1;32;18.2;18.2
453;905;3;Autopista sur;2017-04-01;2;34;19;38
454;907;4;Santa Elena;2017-04-02;3;36;19.8;59.4
455;909;5;San  Miguel;2017-04-03;4;38;20.6;82.4
456;911;6;Santa Ana;2017-04-04;5;40;21.4;107
457;913;1;Grupo Q;2017-04-05;6;42;22.2;133.2
458;915;2;GEVESA;2017-04-06;7;44;23;161
459;917;3;Autopista sur;2017-04-07;8;46;23.8;190.4
460;919;4;Santa Elena;2017-04-08;9;48;24.6;221.4
461;921;5;San  Miguel;2017-04-09;0;50;25.4;0
462;923;6;Santa Ana;2017-04-10;1;52;26.2;26.2
463;925;1;Grupo Q;2017-04-11;2;10;27;54
464;927;2;GEVESA;2017-04-12;3;12;27.8;83.4
465;929;3;Autopista sur;2017-04-13;4;14;28.6;114.4
466;931;4;Santa Elena;2017-04-14;5;16;29.4;147
467;933;5;San  Miguel;2017-04-15;6;18;30.2;181.2
468;935;6;Santa Ana;2017-04-16;7;20;31;217
469;937;1;Grupo Q;2017-04-17;8;22;31.8;254.4
470;939;2;GEVESA;2017-04-18;9;24;32.6;293.4
471;941;3;Autopista sur;2017-04-19;0;26;33.4;0
472;943;4;Santa Elena;2017-04-20;1;28;34.2;34.2
473;945;5;San  Miguel;2017-04-21;2;30;35;70
474;947;6;Santa Ana;2017-04-22;3;32;35.8;107.4
475;949;1;Grupo Q;2017-04-23;4;34;36.6;146.4
476;951;2;GEVESA;2017-04-24;5;36;37.4;187
477;953;3;Autopista sur;2017-04-25;6;38;38.2;229.2
478;955;4;Santa Elena;2017-04-26;7;40;39;273
479;957;5;San  Miguel;2017-04-27;8;42;39.8;318.4
480;959;6;Santa Ana;2017-04-28;9;44;40.6;365.4
481;961;1;Grupo Q;2017-04-29;0;46;41.4;0
482;963;2;GEVESA;2017-04-30;1;48;12.6;12.6
483;965;3;Autopista sur;2017-05-01;2;50;13.4;26.8
484;967;4;Santa Elena;2017-05-02;3;52;14.2;42.6
485;969;5;San  Miguel;2017-05-03;4;10;15;60
486;971;6;Santa Ana;2017-05-04;5;12;15.8;79
487;973;1;Grupo Q;2017-05-05;6;14;16.6;99.6
488;975;2;GEVESA;2017-05-06;7;16;17.4;121.8
489;977;3;Autopista sur;2017-05-07;8;18;18.2;145.6
490;979;4;Santa Elena;2017-05-08;9;20;19;171
491;981;5;San  Miguel;2017-05-09;0;22;19.8;0
492;983;6;Santa Ana;2017-05-10;1;24;20.6;20.6
493;985;1;Grupo Q;2017-05-11;2;26;21.4;42.8
494;987;2;GEVESA;2017-05-12;3;28;22.2;66.6
495;989;3;Autopista sur;2017-05-13;4;30;23;92
496;991;4;Santa Elena;2017-05-14;5;32;23.8;119
497;993;5;San  Miguel;2017-05-15;6;34;24.6;147.6
498;995;6;Santa Ana;2017-05-16;7;36;25.4;177.8
499;997;1;Grupo Q;2017-05-17;8;38;26.2;209.6
500;999;2;GEVESA;2017-05-18;9;40;27;243
501;1001;3;Autopista sur;2017-05-19;0;42;27.8;0
502;1003;4;Santa Elena;2017-05-20;1;44;28.6;28.6
503;1005;5;San  Miguel;2017-05-21;2;46;29.4;58.8
504;1007;6;Santa Ana;2017-05-22;3;48;30.2;90.6
505;1009;1;Grupo Q;2017-05-23;4;50;31;124
506;1011;2;GEVESA;2017-05-24;5;52;31.8;159
507;1013;3;Autopista sur;2017-05-25;6;10;32.6;195.6
508;1015;4;Santa Elena;2017-05-26;7;12;33.4;233.8
509;1017;5;San  Miguel;2017-05-27;8;14;34.2;273.6
510;1019;6;Santa Ana;2017-05-28;9;16;35;315
511;1021;1;Grupo Q;2017-05-29;0;18;35.8;0
512;1023;2;GEVESA;2017-05-30;1;20;36.6;36.6
513;1025;3;Autopista sur;2017-05-31;2;22;37.4;74.8
514;1027;4;Santa Elena;2017-06-01;3;24;38.2;114.6
515;1029;5;San  Miguel;2017-06-02;4;26;39;156
516;1031;6;Santa Ana;2017-06-03;5;28;39.8;199
517;1033;1;Grupo Q;2017-06-04;6;30;40.6;243.6
518;1035;2;GEVESA;2017-06-05;7;32;41.4;289.8
519;1037;3;Autopista sur;2017-06-06;8;34;12.6;100.8
520;1039;4;Santa Elena;2017-06-07;9;36;13.4;120.6
521;1041;5;San  Miguel;2017-06-08;0;38;14.2;0
522;1043;6;Santa Ana;2017-06-09;1;40;15;15
523;1045;1;Grupo Q;2017-06-10;2;42;15.8;31.6
524;1047;2;GEVESA;2017-06-11;3;44;16.6;49.8
525;1049;3;Autopista sur;2017-06-12;4;46;17.4;69.6
526;1051;4;Santa Elena;2017-06-13;5;48;18.2;91
527;1053;5;San  Miguel;2017-06-14;6;50;19;114
528;1055;6;Santa Ana;2017-06-15;7;52;19.8;138.6
529;1057;1;Grupo Q;2017-06-16;8;10;20.6;164.8
530;1059;2;GEVESA;2017-06-17;9;12;21.4;192.6
531;1061;3;Autopista sur;2017-06-18;0;14;22.2;0
532;1063;4;Santa Elena;2017-06-19;1;16;23;23
533;1065;5;San  Miguel;2017-06-20;2;18;23.8;47.6
534;1067;6;Santa Ana;2017-06-21;3;20;24.6;73.8
535;1069;1;Grupo Q;2017-06-22;4;22;25.4;101.6
536;1071;2;GEVESA;2017-06-23;5;24;26.2;131
537;1073;3;Autopista sur;2017-06-24;6;26;27;162
538;1075;4;Santa Elena;2017-06-25;7;28;27.8;194.6
539;1077;5;San  Miguel;2017-06-26;8;30;28.6;228.8
540;1079;6;Santa Ana;2017-06-27;9;32;29.4;264.6
541;1081;1;Grupo Q;2016-01-05;0;34;30.2;0
542;1083;2;GEVESA;2016-01-06;1;36;31;31
543;1085;3;Autopista sur;2016-01-07;2;38;31.8;63.6
544;1087;4;Santa Elena;2016-01-08;3;40;32.6;97.8
545;1089;5;San  Miguel;2016-01-09;4;42;33.4;133.6
546;1091;6;Santa Ana;2016-01-10;5;44;34.2;171
547;1093;1;Grupo Q;2016-01-11;6;46;35;210
548;1095;2;GEVESA;2016-01-12;7;48;35.8;250.6
549;1097;3;Autopista sur;2016-01-13;8;50;36.6;292.8
550;1099;4;Santa Elena;2016-01-14;9;52;37.4;336.6
551;1101;5;San  Miguel;2016-01-15;0;10;38.2;0
552;1103;6;Santa Ana;2016-01-16;1;12;39;39
553;1105;1;Grupo Q;2016-01-17;2;14;39.8;79.6
554;1107;2;GEVESA;2016-01-18;3;16;40.6;121.8
555;1109;3;Autopista sur;2016-01-19;4;18;41.4;165.6
556;1111;4;Santa Elena;2016-01-20;5;20;12.6;63
557;1113;5;San  Miguel;2016-01-21;6;22;13.4;80.4
558;1115;6;Santa Ana;2016-01-22;7;24;14.2;99.4
559;1117;1;Grupo Q;2016-01-23;8;26;15;120
560;1119;2;GEVESA;2016-01-24;9;28;15.8;142.2
561;1121;3;Autopista sur;2016-01-25;0;30;16.6;0
562;1123;4;Santa Elena;2016-01-26;1;32;17.4;17.4
563;1125;5;San  Miguel;2016-01-27;2;34;18.2;36.4
564;1127;6;Santa Ana;2016-01-28;3;36;19;57
565;1129;1;Grupo Q;2016-01-29;4;38;19.8;79.2
566;1131;2;GEVESA;2016-01-30;5;40;20.6;103
567;1133;3;Autopista sur;2016-01-31;6;42;21.4;128.4
568;1135;4;Santa Elena;2016-02-01;7;44;22.2;155.4
569;1137;5;San  Miguel;2016-02-02;8;46;23;184
570;1139;6;Santa Ana;2016-02-03;9;48;23.8;214.2
571;1141;1;Grupo Q;2016-02-04;0;50;24.6;0
572;1143;2;GEVESA;2016-02-05;1;52;25.4;25.4
573;1145;3;Autopista sur;2016-02-06;2;10;26.2;52.4
574;1147;4;Santa Elena;2016-02-07;3;12;27;81
575;1149;5;San  Miguel;2016-02-08;4;14;27.8;111.2
576;1151;6;Santa Ana;2016-02-09;5;16;28.6;143
577;1153;1;Grupo Q;2016-02-10;6;18;29.4;176.4
578;1155;2;GEVESA;2016-02-11;7;20;30.2;211.4
579;1157;3;Autopista sur;2016-02-12;8;22;31;248
580;1159;4;Santa Elena;2016-02-13;9;24;31.8;286.2
581;1161;5;San  Miguel;2016-02-14;0;26;32.6;0
582;1163;6;Santa Ana;2016-02-15;1;28;33.4;33.4
583;1165;1;Grupo Q;2016-02-16;2;30;34.2;68.4
584;1167;2;GEVESA;2016-02-17;3;32;35;105
585;1169;3;Autopista sur;2016-02-18;4;34;35.8;143.2
586;1171;4;Santa Elena;2016-02-19;5;36;36.6;183
587;1173;5;San  Miguel;2016-02-20;6;38;37.4;224.4
588;1175;6;Santa Ana;2016-02-21;7;40;38.2;267.4
589;1177;1;Grupo Q;2016-02-22;8;42;39;312
590;1179;2;GEVESA;2016-02-23;9;44;39.8;358.2
591;1181;3;Autopista sur;2016-02-24;0;46;40.6;0
592;1183;4;Santa Elena;2016-02-25;1;48;41.4;41.4
593;1185;5;San  Miguel;2016-02-26;2;50;12.6;25.2
594;1187;6;Santa Ana;2016-02-27;3;52;13.4;40.2
595;1189;1;Grupo Q;2016-02-28;4;10;14.2;56.8
596;1191;2;GEVESA;2016-02-29;5;12;15;75
597;1193;3;Autopista sur;2016-03-01;6;14;15.8;94.8
598;1195;4;Santa Elena;2016-03-02;7;16;16.6;116.2
599;1197;5;San  Miguel;2016-03-03;8;18;17.4;139.2
600;1199;6;Santa Ana;2016-03-04;9;20;18.2;163.8
601;1201;1;Grupo Q;2016-03-05;0;22;19;0
602;1203;2;GEVESA;2016-03-06;1;24;19.8;19.8
603;1205;3;Autopista sur;2016-03-07;2;26;20.6;41.2
604;1207;4;Santa Elena;2016-03-08;3;28;21.4;64.2
605;1209;5;San  Miguel;2016-03-09;4;30;22.2;88.8
606;1211;6;Santa Ana;2016-03-10;5;32;23;115
607;1213;1;Grupo Q;2016-03-11;6;34;23.8;142.8
608;1215;2;GEVESA;2016-03-12;7;36;24.6;172.2
609;1217;3;Autopista sur;2016-03-13;8;38;25.4;203.2
610;1219;4;Santa Elena;2016-03-14;9;40;26.2;235.8
611;1221;5;San  Miguel;2016-03-15;0;42;27;0
612;1223;6;Santa Ana;2016-03-16;1;44;27.8;27.8
613;1225;1;Grupo Q;2016-03-17;2;46;28.6;57.2
614;1227;2;GEVESA;2016-03-18;3;48;29.4;88.2
615;1229;3;Autopista sur;2016-03-19;4;50;30.2;120.8
616;1231;4;Santa Elena;2016-03-20;5;52;31;155
617;1233;5;San  Miguel;2016-03-21;6;10;31.8;190.8
618;1235;6;Santa Ana;2016-03-22;7;12;32.6;228.2
619;1237;1;Grupo Q;2016-03-23;8;14;33.4;267.2
620;1239;2;GEVESA;2016-03-24;9;16;34.2;307.8
621;1241;3;Autopista sur;2016-03-25;0;18;35;0
622;1243;4;Santa Elena;2016-03-26;1;20;35.8;35.8
623;1245;5;San  Miguel;2016-03-27;2;22;36.6;73.2
624;1247;6;Santa Ana;2016-03-28;3;24;37.4;112.2
625;1249;1;Grupo Q;2016-03-29;4;26;38.2;152.8
626;1251;2;GEVESA;2016-03-30;5;28;39;195
627;1253;3;Autopista sur;2016-03-31;6;30;39.8;238.8
628;1255;4;Santa Elena;2016-04-01;7;32;40.6;284.2
629;1257;5;San  Miguel;2016-04-02;8;34;41.4;331.2
630;1259;6;Santa Ana;2016-04-03;9;36;12.6;113.4
631;1261;1;Grupo Q;2016-04-04;0;38;13.4;0
632;1263;2;GEVESA;2016-04-05;1;40;14.2;14.2
633;1265;3;Autopista sur;2016-04-06;2;42;15;30
634;1267;4;Santa Elena;2016-04-07;3;44;15.8;47.4
635;1269;5;San  Miguel;2016-04-08;4;46;16.6;66.4
636;1271;6;Santa Ana;2016-04-09;5;48;17.4;87
637;1273;1;Grupo Q;2016-04-10;6;50;18.2;109.2
638;1275;2;GEVESA;2016-04-11;7;52;19;133
639;1277;3;Autopista sur;2016-04-12;8;10;19.8;158.4
640;1279;4;Santa Elena;2016-04-13;9;12;20.6;185.4
641;1281;5;San  Miguel;2016-04-14;0;14;21.4;0
642;1283;6;Santa Ana;2016-04-15;1;16;22.2;22.2
643;1285;1;Grupo Q;2016-04-16;2;18;23;46
644;1287;2;GEVESA;2016-04-17;3;20;23.8;71.4
645;1289;3;Autopista sur;2016-04-18;4;22;24.6;98.4
646;1291;4;Santa Elena;2016-04-19;5;24;25.4;127
647;1293;5;San  Miguel;2016-04-20;6;26;26.2;157.2
648;1295;6;Santa Ana;2016-04-21;7;28;27;189
649;1297;1;Grupo Q;2016-04-22;8;30;27.8;222.4
650;1299;2;GEVESA;2016-04-23;9;32;28.6;257.4
651;1301;3;Autopista sur;2016-04-24;0;34;29.4;0
652;1303;4;Santa Elena;2016-04-25;1;36;30.2;30.2
653;1305;5;San  Miguel;2016-04-26;2;38;31;62
654;1307;6;Santa Ana;2016-04-27;3;40;31.8;95.4
655;1309;1;Grupo Q;2016-04-28;4;42;32.6;130.4
656;1311;2;GEVESA;2016-04-29;5;44;33.4;167
657;1313;3;Autopista sur;2016-04-30;6;46;34.2;205.2
658;1315;4;Santa Elena;2016-05-01;7;48;35;245
659;1317;5;San  Miguel;2016-05-02;8;50;35.8;286.4
660;1319;6;Santa Ana;2016-05-03;9;52;36.6;329.4
661;1321;1;Grupo Q;2016-05-04;0;10;37.4;0
662;1323;2;GEVESA;2016-05-05;1;12;38.2;38.2
663;1325;3;Autopista sur;2016-05-06;2;14;39;78
664;1327;4;Santa Elena;2016-05-07;3;16;39.8;119.4
665;1329;5;San  Miguel;2016-05-08;4;18;40.6;162.4
666;1331;6;Santa Ana;2016-05-09;5;20;41.4;207
667;1333;1;Grupo Q;2016-05-10;6;22;12.6;75.6
668;1335;2;GEVESA;2016-05-11;7;24;13.4;93.8
669;1337;3;Autopista sur;2016-05-12;8;26;14.2;113.6
670;1339;4;Santa Elena;2016-05-13;9;28;15;135
671;1341;5;San  Miguel;2016-05-14;0;30;15.8;0
672;1343;6;Santa Ana;2016-05-15;1;32;16.6;16.6
673;1345;1;Grupo Q;2016-05-16;2;34;17.4;34.8
674;1347;2;GEVESA;2016-05-17;3;36;18.2;54.6
675;1349;3;Autopista sur;2016-05-18;4;38;19;76
676;1351;4;Santa Elena;2016-05-19;5;40;19.8;99
677;1353;5;San  Miguel;2016-05-20;6;42;20.6;123.6
678;1355;6;Santa Ana;2016-05-21;7;44;21.4;149.8
679;1357;1;Grupo Q;2016-05-22;8;46;22.2;177.6
680;1359;2;GEVESA;2016-05-23;9;48;23;207
681;1361;3;Autopista sur;2016-05-24;0;50;23.8;0
682;1363;4;Santa Elena;2016-05-25;1;52;24.6;24.6
683;1365;5;San  Miguel;2016-05-26;2;10;25.4;50.8
684;1367;6;Santa Ana;2016-05-27;3;12;26.2;78.6
685;1369;1;Grupo Q;2016-05-28;4;14;27;108
686;1371;2;GEVESA;2016-05-29;5;16;27.8;139
687;1373;3;Autopista sur;2016-05-30;6;18;28.6;171.6
688;1375;4;Santa Elena;2016-05-31;7;20;29.4;205.8
689;1377;5;San  Miguel;2016-06-01;8;22;30.2;241.6
690;1379;6;Santa Ana;2016-06-02;9;24;31;279
691;1381;1;Grupo Q;2016-06-03;0;26;31.8;0
692;1383;2;GEVESA;2016-06-04;1;28;32.6;32.6
693;1385;3;Autopista sur;2016-06-05;2;30;33.4;66.8
694;1387;4;Santa Elena;2016-06-06;3;32;34.2;102.6
695;1389;5;San  Miguel;2016-06-07;4;34;35;140
696;1391;6;Santa Ana;2016-06-08;5;36;35.8;179
697;1393;1;Grupo Q;2016-06-09;6;38;36.6;219.6
698;1395;2;GEVESA;2016-06-10;7;40;37.4;261.8
699;1397;3;Autopista sur;2016-06-11;8;42;38.2;305.6
700;1399;4;Santa Elena;2016-06-12;9;44;39;351
701;1401;5;San  Miguel;2016-06-13;0;46;39.8;0
702;1403;6;Santa Ana;2016-06-14;1;48;40.6;40.6
703;1405;1;Grupo Q;2016-06-15;2;50;41.4;82.8
704;1407;2;GEVESA;2016-06-16;3;52;12.6;37.8
705;1409;3;Autopista sur;2016-06-17;4;10;13.4;53.6
706;1411;4;Santa Elena;2016-06-18;5;12;14.2;71
707;1413;5;San  Miguel;2016-06-19;6;14;15;90
708;1415;6;Santa Ana;2016-06-20;7;16;15.8;110.6
709;1417;1;Grupo Q;2016-06-21;8;18;16.6;132.8
710;1419;2;GEVESA;2016-06-22;9;20;17.4;156.6
711;1421;3;Autopista sur;2016-06-23;0;22;18.2;0
712;1423;4;Santa Elena;2016-06-24;1;24;19;19
713;1425;5;San  Miguel;2016-06-25;2;26;19.8;39.6
714;1427;6;Santa Ana;2016-06-26;3;28;20.6;61.8
715;1429;1;Grupo Q;2016-06-27;4;30;21.4;85.6
716;1431;2;GEVESA;2016-06-28;5;32;22.2;111
717;1433;3;Autopista sur;2016-06-29;6;34;23;138
718;1435;4;Santa Elena;2016-06-30;7;36;23.8;166.6
719;1437;5;San  Miguel;2016-07-01;8;38;24.6;196.8
720;1439;6;Santa Ana;2016-07-02;9;40;25.4;228.6
721;1441;1;Grupo Q;2016-07-03;0;42;26.2;0
722;1443;2;GEVESA;2016-07-04;1;44;27;27
723;1445;3;Autopista sur;2016-07-05;2;46;27.8;55.6
724;1447;4;Santa Elena;2016-07-06;3;48;28.6;85.8
725;1449;5;San  Miguel;2016-07-07;4;50;29.4;117.6
726;1451;6;Santa Ana;2016-07-08;5;52;30.2;151
727;1453;1;Grupo Q;2016-07-09;6;10;31;186
728;1455;2;GEVESA;2016-07-10;7;12;31.8;222.6
729;1457;3;Autopista sur;2016-07-11;8;14;32.6;260.8
730;1459;4;Santa Elena;2016-07-12;9;16;33.4;300.6
731;1461;5;San  Miguel;2016-07-13;0;18;34.2;0
732;1463;6;Santa Ana;2016-07-14;1;20;35;35
733;1465;1;Grupo Q;2016-07-15;2;22;35.8;71.6
734;1467;2;GEVESA;2016-07-16;3;24;36.6;109.8
735;1469;3;Autopista sur;2016-07-17;4;26;37.4;149.6
736;1471;4;Santa Elena;2016-07-18;5;28;38.2;191
737;1473;5;San  Miguel;2016-07-19;6;30;39;234
738;1475;6;Santa Ana;2016-07-20;7;32;39.8;278.6
739;1477;1;Grupo Q;2016-07-21;8;34;40.6;324.8
740;1479;2;GEVESA;2016-07-22;9;36;41.4;372.6
741;1481;3;Autopista sur;2016-07-23;0;38;12.6;0
742;1483;4;Santa Elena;2016-07-24;1;40;13.4;13.4
743;1485;5;San  Miguel;2016-07-25;2;42;14.2;28.4
744;1487;6;Santa Ana;2016-07-26;3;44;15;45
745;1489;1;Grupo Q;2016-07-27;4;46;15.8;63.2
746;1491;2;GEVESA;2016-07-28;5;48;16.6;83
747;1493;3;Autopista sur;2016-07-29;6;50;17.4;104.4
748;1495;4;Santa Elena;2016-07-30;7;52;18.2;127.4
749;1497;5;San  Miguel;2016-07-31;8;10;19;152
750;1499;6;Santa Ana;2016-08-01;9;12;19.8;178.2
751;1501;1;Grupo Q;2016-08-02;0;14;20.6;0
752;1503;2;GEVESA;2016-08-03;1;16;21.4;21.4
753;1505;3;Autopista sur;2016-08-04;2;18;22.2;44.4
754;1507;4;Santa Elena;2016-08-05;3;20;23;69
755;1509;5;San  Miguel;2016-08-06;4;22;23.8;95.2
756;1511;6;Santa Ana;2016-08-07;5;24;24.6;123
757;1513;1;Grupo Q;2016-08-08;6;26;25.4;152.4
758;1515;2;GEVESA;2016-08-09;7;28;26.2;183.4
759;1517;3;Autopista sur;2016-08-10;8;30;27;216
760;1519;4;Santa Elena;2016-08-11;9;32;27.8;250.2
761;1521;5;San  Miguel;2016-08-12;0;34;28.6;0
762;1523;6;Santa Ana;2016-08-13;1;36;29.4;29.4
763;1525;1;Grupo Q;2016-08-14;2;38;30.2;60.4
764;1527;2;GEVESA;2016-08-15;3;40;31;93
765;1529;3;Autopista sur;2016-08-16;4;42;31.8;127.2
766;1531;4;Santa Elena;2016-08-17;5;44;32.6;163
767;1533;5;San  Miguel;2016-08-18;6;46;33.4;200.4
768;1535;6;Santa Ana;2016-08-19;7;48;34.2;239.4
769;1537;1;Grupo Q;2016-08-20;8;50;35;280
770;1539;2;GEVESA;2016-08-21;9;52;35.8;322.2
771;1541;3;Autopista sur;2016-08-22;0;10;36.6;0
772;1543;4;Santa Elena;2016-08-23;1;12;37.4;37.4
773;1545;5;San  Miguel;2016-08-24;2;14;38.2;76.4
774;1547;6;Santa Ana;2016-08-25;3;16;39;117
775;1549;1;Grupo Q;2016-08-26;4;18;39.8;159.2
776;1551;2;GEVESA;2016-08-27;5;20;40.6;203
777;1553;3;Autopista sur;2016-08-28;6;22;41.4;248.4
778;1555;4;Santa Elena;2016-08-29;7;24;12.6;88.2
779;1557;5;San  Miguel;2016-08-30;8;26;13.4;107.2
780;1559;6;Santa Ana;2016-08-31;9;28;14.2;127.8
781;1561;1;Grupo Q;2016-09-01;0;30;15;0
782;1563;2;GEVESA;2016-09-02;1;32;15.8;15.8
783;1565;3;Autopista sur;2016-09-03;2;34;16.6;33.2
784;1567;4;Santa Elena;2016-09-04;3;36;17.4;52.2
785;1569;5;San  Miguel;2016-09-05;4;38;18.2;72.8
786;1571;6;Santa Ana;2016-09-06;5;40;19;95
787;1573;1;Grupo Q;2016-09-07;6;42;19.8;118.8
788;1575;2;GEVESA;2016-09-08;7;44;20.6;144.2
789;1577;3;Autopista sur;2016-09-09;8;46;21.4;171.2
790;1579;4;Santa Elena;2016-09-10;9;48;22.2;199.8
791;1581;5;San  Miguel;2016-09-11;0;50;23;0
792;1583;6;Santa Ana;2016-09-12;1;52;23.8;23.8
793;1585;1;Grupo Q;2016-09-13;2;10;24.6;49.2
794;1587;2;GEVESA;2016-09-14;3;12;25.4;76.2
795;1589;3;Autopista sur;2016-09-15;4;14;26.2;104.8
796;1591;4;Santa Elena;2016-09-16;5;16;27;135
797;1593;5;San  Miguel;2016-09-17;6;18;27.8;166.8
798;1595;6;Santa Ana;2016-09-18;7;20;28.6;200.2
799;1597;1;Grupo Q;2016-09-19;8;22;29.4;235.2
800;1599;2;GEVESA;2016-09-20;9;24;30.2;271.8
801;1601;3;Autopista sur;2016-09-21;0;26;31;0
802;1603;4;Santa Elena;2016-09-22;1;28;31.8;31.8
803;1605;5;San  Miguel;2016-09-23;2;30;32.6;65.2
804;1607;6;Santa Ana;2016-09-24;3;32;33.4;100.2
805;1609;1;Grupo Q;2016-09-25;4;34;34.2;136.8
806;1611;2;GEVESA;2016-09-26;5;36;35;175
807;1613;3;Autopista sur;2016-09-27;6;38;35.8;214.8
808;1615;4;Santa Elena;2016-09-28;7;40;36.6;256.2
809;1617;5;San  Miguel;2016-09-29;8;42;37.4;299.2
810;1619;6;Santa Ana;2016-09-30;9;44;38.2;343.8
811;1621;1;Grupo Q;2016-10-01;0;46;39;0
812;1623;2;GEVESA;2016-10-02;1;48;39.8;39.8
813;1625;3;Autopista sur;2016-10-03;2;50;40.6;81.2
814;1627;4;Santa Elena;2016-10-04;3;52;41.4;124.2
815;1629;5;San  Miguel;2016-10-05;4;10;12.6;50.4
816;1631;6;Santa Ana;2016-10-06;5;12;13.4;67
817;1633;1;Grupo Q;2016-10-07;6;14;14.2;85.2
818;1635;2;GEVESA;2016-10-08;7;16;15;105
819;1637;3;Autopista sur;2016-10-09;8;18;15.8;126.4
820;1639;4;Santa Elena;2016-10-10;9;20;16.6;149.4
821;1641;5;San  Miguel;2016-10-11;0;22;17.4;0
822;1643;6;Santa Ana;2016-10-12;1;24;18.2;18.2
823;1645;1;Grupo Q;2016-10-13;2;26;19;38
824;1647;2;GEVESA;2016-10-14;3;28;19.8;59.4
825;1649;3;Autopista sur;2016-10-15;4;30;20.6;82.4
826;1651;4;Santa Elena;2016-10-16;5;32;21.4;107
827;1653;5;San  Miguel;2016-10-17;6;34;22.2;133.2
828;1655;6;Santa Ana;2016-10-18;7;36;23;161
829;1657;1;Grupo Q;2016-10-19;8;38;23.8;190.4
830;1659;2;GEVESA;2016-10-20;9;40;24.6;221.4
831;1661;3;Autopista sur;2016-10-21;0;42;25.4;0
832;1663;4;Santa Elena;2016-10-22;1;44;26.2;26.2
833;1665;5;San  Miguel;2016-10-23;2;46;27;54
834;1667;6;Santa Ana;2016-10-24;3;48;27.8;83.4
835;1669;1;Grupo Q;2016-10-25;4;50;28.6;114.4
836;1671;2;GEVESA;2016-10-26;5;52;29.4;147
837;1673;3;Autopista sur;2016-10-27;6;10;30.2;181.2
838;1675;4;Santa Elena;2016-10-28;7;12;31;217
839;1677;5;San  Miguel;2016-10-29;8;14;31.8;254.4
840;1679;6;Santa Ana;2016-10-30;9;16;32.6;293.4
841;1681;1;Grupo Q;2016-10-31;0;18;33.4;0
842;1683;2;GEVESA;2016-11-01;1;20;34.2;34.2
843;1685;3;Autopista sur;2016-11-02;2;22;35;70
844;1687;4;Santa Elena;2016-11-03;3;24;35.8;107.4
845;1689;5;San  Miguel;2016-11-04;4;26;36.6;146.4
846;1691;6;Santa Ana;2016-11-05;5;28;37.4;187
847;1693;1;Grupo Q;2016-11-06;6;30;38.2;229.2
848;1695;2;GEVESA;2016-11-07;7;32;39;273
849;1697;3;Autopista sur;2016-11-08;8;34;39.8;318.4
850;1699;4;Santa Elena;2016-11-09;9;36;40.6;365.4
851;1701;5;San  Miguel;2016-11-10;0;38;41.4;0
852;1703;6;Santa Ana;2016-11-11;1;40;12.6;12.6
853;1705;1;Grupo Q;2016-11-12;2;42;13.4;26.8
854;1707;2;GEVESA;2016-11-13;3;44;14.2;42.6
855;1709;3;Autopista sur;2016-11-14;4;46;15;60
856;1711;4;Santa Elena;2016-11-15;5;48;15.8;79
857;1713;5;San  Miguel;2016-11-16;6;50;16.6;99.6
858;1715;6;Santa Ana;2016-11-17;7;52;17.4;121.8
859;1717;1;Grupo Q;2016-11-18;8;10;18.2;145.6
860;1719;2;GEVESA;2016-11-19;9;12;19;171
861;1721;3;Autopista sur;2016-11-20;0;14;19.8;0
862;1723;4;Santa Elena;2016-11-21;1;16;20.6;20.6
863;1725;5;San  Miguel;2016-11-22;2;18;21.4;42.8
864;1727;6;Santa Ana;2016-11-23;3;20;22.2;66.6
865;1729;1;Grupo Q;2016-11-24;4;22;23;92
866;1731;2;GEVESA;2016-11-25;5;24;23.8;119
867;1733;3;Autopista sur;2016-11-26;6;26;24.6;147.6
868;1735;4;Santa Elena;2016-11-27;7;28;25.4;177.8
869;1737;5;San  Miguel;2016-11-28;8;30;26.2;209.6
870;1739;6;Santa Ana;2016-11-29;9;32;27;243
871;1741;1;Grupo Q;2016-11-30;0;34;27.8;0
872;1743;2;GEVESA;2016-12-01;1;36;28.6;28.6
873;1745;3;Autopista sur;2016-12-02;2;38;29.4;58.8
874;1747;4;Santa Elena;2016-12-03;3;40;30.2;90.6
875;1749;5;San  Miguel;2016-12-04;4;42;31;124
876;1751;6;Santa Ana;2016-12-05;5;44;31.8;159
877;1753;1;Grupo Q;2016-12-06;6;46;32.6;195.6
878;1755;2;GEVESA;2016-12-07;7;48;33.4;233.8
879;1757;3;Autopista sur;2016-12-08;8;50;34.2;273.6
880;1759;4;Santa Elena;2016-12-09;9;52;35;315
881;1761;5;San  Miguel;2016-12-10;0;10;35.8;0
882;1763;6;Santa Ana;2016-12-11;1;12;36.6;36.6
883;1765;1;Grupo Q;2016-12-12;2;14;37.4;74.8
884;1767;2;GEVESA;2016-12-13;3;16;38.2;114.6
885;1769;3;Autopista sur;2016-12-14;4;18;39;156
886;1771;4;Santa Elena;2016-12-15;5;20;39.8;199
887;1773;5;San  Miguel;2016-12-16;6;22;40.6;243.6
888;1775;6;Santa Ana;2016-12-17;7;24;41.4;289.8
889;1777;1;Grupo Q;2016-12-18;8;26;12.6;100.8
890;1779;2;GEVESA;2016-12-19;9;28;13.4;120.6
891;1781;3;Autopista sur;2016-12-20;0;30;14.2;0
892;1783;4;Santa Elena;2016-12-21;1;32;15;15
893;1785;5;San  Miguel;2016-12-22;2;34;15.8;31.6
894;1787;6;Santa Ana;2016-12-23;3;36;16.6;49.8
895;1789;1;Grupo Q;2016-12-24;4;38;17.4;69.6
896;1791;2;GEVESA;2016-12-25;5;40;18.2;91
897;1793;3;Autopista sur;2016-12-26;6;42;19;114
898;1795;4;Santa Elena;2016-12-27;7;44;19.8;138.6
899;1797;5;San  Miguel;2016-12-28;8;46;20.6;164.8
900;1799;6;Santa Ana;2016-12-29;9;48;21.4;192.6
901;1801;1;Grupo Q;2016-12-30;0;50;22.2;0
902;1803;2;GEVESA;2016-12-31;1;52;23;23
903;1805;3;Autopista sur;2017-01-01;2;10;23.8;47.6
904;1807;4;Santa Elena;2017-01-02;3;12;24.6;73.8
905;1809;5;San  Miguel;2017-01-03;4;14;25.4;101.6
906;1811;6;Santa Ana;2017-01-04;5;16;26.2;131
907;1813;1;Grupo Q;2017-01-05;6;18;27;162
908;1815;2;GEVESA;2017-01-06;7;20;27.8;194.6
909;1817;3;Autopista sur;2017-01-07;8;22;28.6;228.8
910;1819;4;Santa Elena;2017-01-08;9;24;29.4;264.6
911;1821;5;San  Miguel;2017-01-09;0;26;30.2;0
912;1823;6;Santa Ana;2017-01-10;1;28;31;31
913;1825;1;Grupo Q;2017-01-11;2;30;31.8;63.6
914;1827;2;GEVESA;2017-01-12;3;32;32.6;97.8
915;1829;3;Autopista sur;2017-01-13;4;34;33.4;133.6
916;1831;4;Santa Elena;2017-01-14;5;36;34.2;171
917;1833;5;San  Miguel;2017-01-15;6;38;35;210
918;1835;6;Santa Ana;2017-01-16;7;40;35.8;250.6
919;1837;1;Grupo Q;2017-01-17;8;42;36.6;292.8
920;1839;2;GEVESA;2017-01-18;9;44;37.4;336.6
921;1841;3;Autopista sur;2017-01-19;0;46;38.2;0
922;1843;4;Santa Elena;2017-01-20;1;48;39;39
923;1845;5;San  Miguel;2017-01-21;2;50;39.8;79.6
924;1847;6;Santa Ana;2017-01-22;3;52;40.6;121.8
925;1849;1;Grupo Q;2017-01-23;4;10;41.4;165.6
926;1851;2;GEVESA;2017-01-24;5;12;12.6;63
927;1853;3;Autopista sur;2017-01-25;6;14;13.4;80.4
928;1855;4;Santa Elena;2017-01-26;7;16;14.2;99.4
929;1857;5;San  Miguel;2017-01-27;8;18;15;120
930;1859;6;Santa Ana;2017-01-28;9;20;15.8;142.2
931;1861;1;Grupo Q;2017-01-29;0;22;16.6;0
932;1863;2;GEVESA;2017-01-30;1;24;17.4;17.4
933;1865;3;Autopista sur;2017-01-31;2;26;18.2;36.4
934;1867;4;Santa Elena;2017-02-01;3;28;19;57
935;1869;5;San  Miguel;2017-02-02;4;30;19.8;79.2
936;1871;6;Santa Ana;2017-02-03;5;32;20.6;103
937;1873;1;Grupo Q;2017-02-04;6;34;21.4;128.4
938;1875;2;GEVESA;2017-02-05;7;36;22.2;155.4
939;1877;3;Autopista sur;2017-02-06;8;38;23;184
940;1879;4;Santa Elena;2017-02-07;9;40;23.8;214.2
941;1881;5;San  Miguel;2017-02-08;0;42;24.6;0
942;1883;6;Santa Ana;2017-02-09;1;44;25.4;25.4
943;1885;1;Grupo Q;2017-02-10;2;46;26.2;52.4
944;1887;2;GEVESA;2017-02-11;3;48;27;81
945;1889;3;Autopista sur;2017-02-12;4;50;27.8;111.2
946;1891;4;Santa Elena;2017-02-13;5;52;28.6;143
947;1893;5;San  Miguel;2017-02-14;6;10;29.4;176.4
948;1895;6;Santa Ana;2017-02-15;7;12;30.2;211.4
949;1897;1;Grupo Q;2017-02-16;8;14;31;248
950;1899;2;GEVESA;2017-02-17;9;16;31.8;286.2
951;1901;3;Autopista sur;2017-02-18;0;18;32.6;0
952;1903;4;Santa Elena;2017-02-19;1;20;33.4;33.4
953;1905;5;San  Miguel;2017-02-20;2;22;34.2;68.4
954;1907;6;Santa Ana;2017-02-21;3;24;35;105
955;1909;1;Grupo Q;2017-02-22;4;26;35.8;143.2
956;1911;2;GEVESA;2017-02-23;5;28;36.6;183
957;1913;3;Autopista sur;2017-02-24;6;30;37.4;224.4
958;1915;4;Santa Elena;2017-02-25;7;32;38.2;267.4
959;1917;5;San  Miguel;2017-02-26;8;34;39;312
960;1919;6;Santa Ana;2017-02-27;9;36;39.8;358.2
961;1921;2;Grupo Q;2017-02-28;0;38;40.6;0
962;1923;3;GEVESA;2017-03-01;1;40;41.4;41.4
963;1925;4;Autopista sur;2017-03-02;2;42;12.6;25.2
964;1927;5;Santa Elena;2017-03-03;3;44;13.4;40.2
965;1929;6;San  Miguel;2017-03-04;4;46;14.2;56.8
966;1931;1;Santa Ana;2017-03-05;5;48;15;75
967;1933;2;Grupo Q;2017-03-06;6;50;15.8;94.8
968;1935;3;GEVESA;2017-03-07;7;52;16.6;116.2
969;1937;4;Autopista sur;2017-03-08;8;10;17.4;139.2
970;1939;5;Santa Elena;2017-03-09;9;12;18.2;163.8
971;1941;6;San  Miguel;2017-03-10;0;14;19;0
972;1943;1;Santa Ana;2017-03-11;1;16;19.8;19.8
973;1945;2;Grupo Q;2017-03-12;2;18;20.6;41.2
974;1947;3;GEVESA;2017-03-13;3;20;21.4;64.2
975;1949;4;Autopista sur;2017-03-14;4;22;22.2;88.8
976;1951;5;Santa Elena;2017-03-15;5;24;23;115
977;1953;6;San  Miguel;2017-03-16;6;26;23.8;142.8
978;1955;1;Santa Ana;2017-03-17;7;28;24.6;172.2
979;1957;2;Grupo Q;2017-03-18;8;30;25.4;203.2
980;1959;3;GEVESA;2017-03-19;9;32;26.2;235.8
981;1961;4;Autopista sur;2017-03-20;0;34;27;0
982;1963;5;Santa Elena;2017-03-21;1;36;27.8;27.8
983;1965;6;San  Miguel;2017-03-22;2;38;28.6;57.2
984;1967;1;Santa Ana;2017-03-23;3;40;29.4;88.2
985;1969;2;Grupo Q;2017-03-24;4;42;30.2;120.8
986;1971;3;GEVESA;2017-03-25;5;44;31;155
987;1973;4;Autopista sur;2017-03-26;6;46;31.8;190.8
988;1975;5;Santa Elena;2017-03-27;7;48;32.6;228.2
989;1977;6;San  Miguel;2017-03-28;8;50;33.4;267.2
990;1979;4;Santa Ana;2017-03-29;9;52;34.2;307.8
991;1981;3;Grupo Q;2017-03-30;0;10;35;0
992;1983;2;GEVESA;2017-03-31;1;12;35.8;35.8
993;1985;1;Autopista sur;2017-04-01;2;14;36.6;73.2
994;1987;5;Santa Elena;2017-04-02;3;16;37.4;112.2
995;1989;6;San  Miguel;2017-04-03;4;18;38.2;152.8
996;1991;4;Santa Ana;2017-04-04;5;20;39;195
997;1993;2;Grupo Q;2017-04-05;6;22;39.8;238.8
998;1995;1;GEVESA;2017-04-06;7;24;40.6;284.2
999;1997;5;Autopista sur;2017-04-07;8;26;41.4;331.2
1000;1999;6;Santa Elena;2017-04-08;9;28;15.69;141.21
