id;idcliente;idequipotransporte;codigofactura;fecha;totalmontofactura;nopedido;estadoactual;tipoordennombre
1;1;1;1254682;2015-01-05;150.35;305;no entregado;N/A
2;3;2;1458078;2015-01-06;200.7;307;no entregado;N/A
3;5;3;1661474;2015-01-07;251.05;309;entregado;N/A
4;7;4;1864870;2015-01-08;301.4;311;entregado;N/A
5;9;5;2068266;2015-01-09;351.75;313;entregado;N/A
6;11;6;2271662;2015-01-10;402.1;315;no entregado;N/A
7;13;7;2475058;2015-01-11;452.45;317;entregado;N/A
8;15;8;2678454;2015-01-12;502.8;319;entregado;N/A
9;17;9;2881850;2015-01-13;553.15;321;entregado;N/A
10;19;10;1254682;2015-01-14;603.5;323;entregado;N/A
11;21;11;1458078;2015-01-15;653.85;325;no entregado;N/A
12;23;12;1661474;2015-01-16;704.2;327;no entregado;N/A
13;25;13;1864870;2015-01-17;754.55;329;no entregado;N/A
14;27;14;2068266;2015-01-18;804.9;331;no entregado;N/A
15;29;15;2271662;2015-01-19;855.25;333;no entregado;N/A
16;31;16;2475058;2015-01-20;905.6;335;no entregado;N/A
17;33;17;2678454;2015-01-21;955.95;337;no entregado;N/A
18;35;18;2881850;2015-01-22;150.35;339;entregado;N/A
19;37;19;1254682;2015-01-23;200.7;341;entregado;N/A
20;39;20;1458078;2015-01-24;251.05;343;entregado;N/A
21;41;21;1661474;2015-01-25;301.4;345;entregado;N/A
22;43;22;1864870;2015-01-26;351.75;347;entregado;N/A
23;45;23;2068266;2015-01-27;402.1;349;entregado;N/A
24;47;24;2271662;2015-01-28;452.45;351;entregado;N/A
25;49;25;2475058;2015-01-29;502.8;353;no entregado;N/A
26;51;26;2678454;2015-01-30;553.15;355;no entregado;N/A
27;53;27;2881850;2015-01-31;603.5;357;no entregado;N/A
28;55;28;1254682;2015-02-01;653.85;359;no entregado;N/A
29;57;29;1458078;2015-02-02;704.2;361;no entregado;N/A
30;59;30;1661474;2015-02-03;754.55;363;no entregado;N/A
31;61;31;1864870;2015-02-04;804.9;365;no entregado;N/A
32;63;32;2068266;2015-02-05;855.25;367;no entregado;N/A
33;65;33;2271662;2015-02-06;905.6;369;no entregado;N/A
34;67;34;2475058;2015-02-07;955.95;371;no entregado;N/A
35;69;35;2678454;2015-02-08;150.35;373;entregado;N/A
36;71;36;2881850;2015-02-09;200.7;375;entregado;N/A
37;73;37;1254682;2015-02-10;251.05;377;entregado;N/A
38;75;38;1458078;2015-02-11;301.4;379;no entregado;N/A
39;77;39;1661474;2015-02-12;351.75;381;entregado;N/A
40;79;40;1864870;2015-02-13;402.1;383;entregado;N/A
41;81;1;2068266;2015-02-14;452.45;385;entregado;N/A
42;83;2;2271662;2015-02-15;502.8;387;entregado;N/A
43;85;3;2475058;2015-02-16;553.15;389;no entregado;N/A
44;87;4;2678454;2015-02-17;603.5;391;no entregado;N/A
45;89;5;2881850;2015-02-18;653.85;393;no entregado;N/A
46;91;6;1254682;2015-02-19;704.2;395;no entregado;N/A
47;93;7;1458078;2015-02-20;754.55;397;no entregado;N/A
48;95;8;1661474;2015-02-21;804.9;399;no entregado;N/A
49;97;9;1864870;2015-02-22;855.25;401;no entregado;N/A
50;99;10;2068266;2015-02-23;905.6;403;entregado;N/A
51;101;11;2271662;2015-02-24;955.95;405;entregado;N/A
52;103;12;2475058;2015-02-25;150.35;407;entregado;N/A
53;105;13;2678454;2015-02-26;200.7;409;entregado;N/A
54;107;14;2881850;2015-02-27;251.05;411;entregado;N/A
55;109;15;1254682;2015-02-28;301.4;413;entregado;N/A
56;111;16;1458078;2015-03-01;351.75;415;entregado;N/A
57;113;17;1661474;2015-03-02;402.1;417;no entregado;N/A
58;115;18;1864870;2015-03-03;452.45;419;no entregado;N/A
59;117;19;2068266;2015-03-04;502.8;421;no entregado;N/A
60;119;20;2271662;2015-03-05;553.15;423;no entregado;N/A
61;121;21;2475058;2015-03-06;603.5;425;no entregado;N/A
62;123;22;2678454;2015-03-07;653.85;427;no entregado;N/A
63;125;23;2881850;2015-03-08;704.2;429;no entregado;N/A
64;127;24;1254682;2015-03-09;754.55;431;no entregado;N/A
65;129;25;1458078;2015-03-10;804.9;433;no entregado;N/A
66;131;26;1661474;2015-03-11;855.25;435;no entregado;N/A
67;133;27;1864870;2015-03-12;905.6;437;entregado;N/A
68;135;28;2068266;2015-03-13;955.95;439;entregado;N/A
69;137;29;2271662;2015-03-14;150.35;441;entregado;N/A
70;139;30;2475058;2015-03-15;200.7;443;no entregado;N/A
71;141;31;2678454;2015-03-16;251.05;445;entregado;N/A
72;143;32;2881850;2015-03-17;301.4;447;entregado;N/A
73;145;33;1254682;2015-03-18;351.75;449;entregado;N/A
74;147;34;1458078;2015-03-19;402.1;451;entregado;N/A
75;149;35;1661474;2015-03-20;452.45;453;no entregado;N/A
76;151;36;1864870;2015-03-21;502.8;455;no entregado;N/A
77;153;37;2068266;2015-03-22;553.15;457;no entregado;N/A
78;155;38;2271662;2015-03-23;603.5;459;no entregado;N/A
79;157;39;2475058;2015-03-24;653.85;461;no entregado;N/A
80;159;40;2678454;2015-03-25;704.2;463;no entregado;N/A
81;161;1;2881850;2015-03-26;754.55;465;no entregado;N/A
82;163;2;1254682;2015-03-27;804.9;467;entregado;N/A
83;165;3;1458078;2015-03-28;855.25;469;entregado;N/A
84;167;4;1661474;2015-03-29;905.6;471;entregado;N/A
85;169;5;1864870;2015-03-30;955.95;473;entregado;N/A
86;171;6;2068266;2015-03-31;150.35;475;entregado;N/A
87;173;7;2271662;2015-04-01;200.7;477;entregado;N/A
88;175;8;2475058;2015-04-02;251.05;479;entregado;N/A
89;177;9;2678454;2015-04-03;301.4;481;no entregado;N/A
90;179;10;2881850;2015-04-04;351.75;483;no entregado;N/A
91;181;11;1254682;2015-04-05;402.1;485;no entregado;N/A
92;183;12;1458078;2015-04-06;452.45;487;no entregado;N/A
93;185;13;1661474;2015-04-07;502.8;489;no entregado;N/A
94;187;14;1864870;2015-04-08;553.15;491;no entregado;N/A
95;189;15;2068266;2015-04-09;603.5;493;no entregado;N/A
96;191;16;2271662;2015-04-10;653.85;495;no entregado;N/A
97;193;17;2475058;2015-04-11;704.2;497;no entregado;N/A
98;195;18;2678454;2015-04-12;754.55;499;no entregado;N/A
99;197;19;2881850;2015-04-13;804.9;501;entregado;N/A
100;1;20;1254682;2015-04-14;855.25;503;entregado;N/A
101;3;21;1458078;2015-04-15;905.6;505;entregado;N/A
102;5;22;1661474;2015-04-16;955.95;507;no entregado;N/A
103;7;23;1864870;2015-04-17;150.35;509;entregado;N/A
104;9;24;2068266;2015-04-18;200.7;511;entregado;N/A
105;11;25;2271662;2015-04-19;251.05;513;entregado;N/A
106;13;26;2475058;2015-04-20;301.4;515;entregado;N/A
107;15;27;2678454;2015-04-21;351.75;517;no entregado;N/A
108;17;28;2881850;2015-04-22;402.1;519;no entregado;N/A
109;19;29;1254682;2015-04-23;452.45;521;no entregado;N/A
110;21;30;1458078;2015-04-24;502.8;523;no entregado;N/A
111;23;31;1661474;2015-04-25;553.15;525;no entregado;N/A
112;25;32;1864870;2015-04-26;603.5;527;no entregado;N/A
113;27;33;2068266;2015-04-27;653.85;529;no entregado;N/A
114;29;34;2271662;2015-04-28;704.2;531;entregado;N/A
115;31;35;2475058;2015-04-29;754.55;533;entregado;N/A
116;33;36;2678454;2015-04-30;804.9;535;entregado;N/A
117;35;37;2881850;2015-05-01;855.25;537;entregado;N/A
118;37;38;1254682;2015-05-02;905.6;539;entregado;N/A
119;39;39;1458078;2015-05-03;955.95;541;entregado;N/A
120;41;40;1661474;2015-05-04;150.35;543;entregado;N/A
121;43;1;1864870;2015-05-05;200.7;545;no entregado;N/A
122;45;2;2068266;2015-05-06;251.05;547;no entregado;N/A
123;47;3;2271662;2015-05-07;301.4;549;no entregado;N/A
124;49;4;2475058;2015-05-08;351.75;551;no entregado;N/A
125;51;5;2678454;2015-05-09;402.1;553;no entregado;N/A
126;53;6;2881850;2015-05-10;452.45;555;no entregado;N/A
127;55;7;1254682;2015-05-11;502.8;557;no entregado;N/A
128;57;8;1458078;2015-05-12;553.15;559;no entregado;N/A
129;59;9;1661474;2015-05-13;603.5;561;no entregado;N/A
130;61;10;1864870;2015-05-14;653.85;563;no entregado;N/A
131;63;11;2068266;2015-05-15;704.2;565;entregado;N/A
132;65;12;2271662;2015-05-16;754.55;567;entregado;N/A
133;67;13;2475058;2015-05-17;804.9;569;entregado;N/A
134;69;14;2678454;2015-05-18;855.25;571;no entregado;N/A
135;71;15;2881850;2015-05-19;905.6;573;entregado;N/A
136;73;16;1254682;2015-05-20;955.95;575;entregado;N/A
137;75;17;1458078;2015-05-21;150.35;577;entregado;N/A
138;77;18;1661474;2015-05-22;200.7;579;entregado;N/A
139;79;19;1864870;2015-05-23;251.05;581;no entregado;N/A
140;81;20;2068266;2015-05-24;301.4;583;no entregado;N/A
141;83;21;2271662;2015-05-25;351.75;585;no entregado;N/A
142;85;22;2475058;2015-05-26;402.1;587;no entregado;N/A
143;87;23;2678454;2015-05-27;452.45;589;no entregado;N/A
144;89;24;2881850;2015-05-28;502.8;591;no entregado;N/A
145;91;25;1254682;2015-05-29;553.15;593;no entregado;N/A
146;93;26;1458078;2015-05-30;603.5;595;entregado;N/A
147;95;27;1661474;2015-05-31;653.85;597;entregado;N/A
148;97;28;1864870;2015-06-01;704.2;599;entregado;N/A
149;99;29;2068266;2015-06-02;754.55;601;entregado;N/A
150;101;30;2271662;2015-06-03;804.9;603;entregado;N/A
151;103;31;2475058;2015-06-04;855.25;605;entregado;N/A
152;105;32;2678454;2015-06-05;905.6;607;entregado;N/A
153;107;33;2881850;2015-06-06;955.95;609;no entregado;N/A
154;109;34;1254682;2015-06-07;150.35;611;no entregado;N/A
155;111;35;1458078;2015-06-08;200.7;613;no entregado;N/A
156;113;36;1661474;2015-06-09;251.05;615;no entregado;N/A
157;115;37;1864870;2015-06-10;301.4;617;no entregado;N/A
158;117;38;2068266;2015-06-11;351.75;619;no entregado;N/A
159;119;39;2271662;2015-06-12;402.1;621;no entregado;N/A
160;121;40;2475058;2015-06-13;452.45;623;no entregado;N/A
161;123;1;2678454;2015-06-14;502.8;625;no entregado;N/A
162;125;2;2881850;2015-06-15;553.15;627;no entregado;N/A
163;127;3;1254682;2015-06-16;603.5;629;entregado;N/A
164;129;4;1458078;2015-06-17;653.85;631;entregado;N/A
165;131;5;1661474;2015-06-18;704.2;633;entregado;N/A
166;133;6;1864870;2015-06-19;754.55;635;no entregado;N/A
167;135;7;2068266;2015-06-20;804.9;637;entregado;N/A
168;137;8;2271662;2015-06-21;855.25;639;entregado;N/A
169;139;9;2475058;2015-06-22;905.6;641;entregado;N/A
170;141;10;2678454;2015-06-23;955.95;643;entregado;N/A
171;143;11;2881850;2015-06-24;150.35;645;no entregado;N/A
172;145;12;1254682;2015-06-25;200.7;647;no entregado;N/A
173;147;13;1458078;2015-06-26;251.05;649;no entregado;N/A
174;149;14;1661474;2015-06-27;301.4;651;no entregado;N/A
175;151;15;1864870;2015-06-28;351.75;653;no entregado;N/A
176;153;16;2068266;2015-06-29;402.1;655;no entregado;N/A
177;155;17;2271662;2015-06-30;452.45;657;no entregado;N/A
178;157;18;2475058;2015-07-01;502.8;659;entregado;N/A
179;159;19;2678454;2015-07-02;553.15;661;entregado;N/A
180;161;20;2881850;2015-07-03;603.5;663;entregado;N/A
181;163;21;1254682;2015-07-04;653.85;665;entregado;N/A
182;165;22;1458078;2015-07-05;704.2;667;entregado;N/A
183;167;23;1661474;2015-07-06;754.55;669;entregado;N/A
184;169;24;1864870;2015-07-07;804.9;671;entregado;N/A
185;171;25;2068266;2015-07-08;855.25;673;no entregado;N/A
186;173;26;2271662;2015-07-09;905.6;675;no entregado;N/A
187;175;27;2475058;2015-07-10;955.95;677;no entregado;N/A
188;177;28;2678454;2015-07-11;150.35;679;no entregado;N/A
189;179;29;2881850;2015-07-12;200.7;681;no entregado;N/A
190;181;30;1254682;2015-07-13;251.05;683;no entregado;N/A
191;183;31;1458078;2015-07-14;301.4;685;no entregado;N/A
192;185;32;1661474;2015-07-15;351.75;687;no entregado;N/A
193;187;33;1864870;2015-07-16;402.1;689;no entregado;N/A
194;189;34;2068266;2015-07-17;452.45;691;no entregado;N/A
195;191;35;2271662;2015-07-18;502.8;693;entregado;N/A
196;193;36;2475058;2015-07-19;553.15;695;entregado;N/A
197;195;37;2678454;2015-07-20;603.5;697;entregado;N/A
198;197;38;2881850;2015-07-21;653.85;699;no entregado;N/A
199;1;39;1254682;2015-07-22;704.2;701;entregado;N/A
200;3;40;1458078;2015-07-23;754.55;703;entregado;N/A
201;5;1;1661474;2015-07-24;804.9;705;entregado;N/A
202;7;2;1864870;2015-07-25;855.25;707;entregado;N/A
203;9;3;2068266;2015-07-26;905.6;709;no entregado;N/A
204;11;4;2271662;2015-07-27;955.95;711;no entregado;N/A
205;13;5;2475058;2015-07-28;150.35;713;no entregado;N/A
206;15;6;2678454;2015-07-29;200.7;715;no entregado;N/A
207;17;7;2881850;2015-07-30;251.05;717;no entregado;N/A
208;19;8;1254682;2015-07-31;301.4;719;no entregado;N/A
209;21;9;1458078;2015-08-01;351.75;721;no entregado;N/A
210;23;10;1661474;2015-08-02;402.1;723;entregado;N/A
211;25;11;1864870;2015-08-03;452.45;725;entregado;N/A
212;27;12;2068266;2015-08-04;502.8;727;entregado;N/A
213;29;13;2271662;2015-08-05;553.15;729;entregado;N/A
214;31;14;2475058;2015-08-06;603.5;731;entregado;N/A
215;33;15;2678454;2015-08-07;653.85;733;entregado;N/A
216;35;16;2881850;2015-08-08;704.2;735;entregado;N/A
217;37;17;1254682;2015-08-09;754.55;737;no entregado;N/A
218;39;18;1458078;2015-08-10;804.9;739;no entregado;N/A
219;41;19;1661474;2015-08-11;855.25;741;no entregado;N/A
220;43;20;1864870;2015-08-12;905.6;743;no entregado;N/A
221;45;21;2068266;2015-08-13;955.95;745;no entregado;N/A
222;47;22;2271662;2015-08-14;150.35;747;no entregado;N/A
223;49;23;2475058;2015-08-15;200.7;749;no entregado;N/A
224;51;24;2678454;2015-08-16;251.05;751;no entregado;N/A
225;53;25;2881850;2015-08-17;301.4;753;no entregado;N/A
226;55;26;1254682;2015-08-18;351.75;755;no entregado;N/A
227;57;27;1458078;2015-08-19;402.1;757;entregado;N/A
228;59;28;1661474;2015-08-20;452.45;759;entregado;N/A
229;61;29;1864870;2015-08-21;502.8;761;entregado;N/A
230;63;30;2068266;2015-08-22;553.15;763;no entregado;N/A
231;65;31;2271662;2015-08-23;603.5;765;entregado;N/A
232;67;32;2475058;2015-08-24;653.85;767;entregado;N/A
233;69;33;2678454;2015-08-25;704.2;769;entregado;N/A
234;71;34;2881850;2015-08-26;754.55;771;entregado;N/A
235;73;35;1254682;2015-08-27;804.9;773;no entregado;N/A
236;75;36;1458078;2015-08-28;855.25;775;no entregado;N/A
237;77;37;1661474;2015-08-29;905.6;777;no entregado;N/A
238;79;38;1864870;2015-08-30;955.95;779;no entregado;N/A
239;81;39;2068266;2015-08-31;150.35;781;no entregado;N/A
240;83;40;2271662;2015-09-01;200.7;783;no entregado;N/A
241;85;1;2475058;2015-09-02;251.05;785;no entregado;N/A
242;87;2;2678454;2015-09-03;301.4;787;entregado;N/A
243;89;3;2881850;2015-09-04;351.75;789;entregado;N/A
244;91;4;1254682;2015-09-05;402.1;791;entregado;N/A
245;93;5;1458078;2015-09-06;452.45;793;entregado;N/A
246;95;6;1661474;2015-09-07;502.8;795;entregado;N/A
247;97;7;1864870;2015-09-08;553.15;797;entregado;N/A
248;99;8;2068266;2015-09-09;603.5;799;entregado;N/A
249;101;9;2271662;2015-09-10;653.85;801;no entregado;N/A
250;103;10;2475058;2015-09-11;704.2;803;no entregado;N/A
251;105;11;2678454;2015-09-12;754.55;805;no entregado;N/A
252;107;12;2881850;2015-09-13;804.9;807;no entregado;N/A
253;109;13;1254682;2015-09-14;855.25;809;no entregado;N/A
254;111;14;1458078;2015-09-15;905.6;811;no entregado;N/A
255;113;15;1661474;2015-09-16;955.95;813;no entregado;N/A
256;115;16;1864870;2015-09-17;150.35;815;no entregado;N/A
257;117;17;2068266;2015-09-18;200.7;817;no entregado;N/A
258;119;18;2271662;2015-09-19;251.05;819;no entregado;N/A
259;121;19;2475058;2015-09-20;301.4;821;entregado;N/A
260;123;20;2678454;2015-09-21;351.75;823;entregado;N/A
261;125;21;2881850;2015-09-22;402.1;825;entregado;N/A
262;127;22;1254682;2015-09-23;452.45;827;no entregado;N/A
263;129;23;1458078;2015-09-24;502.8;829;entregado;N/A
264;131;24;1661474;2015-09-25;553.15;831;entregado;N/A
265;133;25;1864870;2015-09-26;603.5;833;entregado;N/A
266;135;26;2068266;2015-09-27;653.85;835;entregado;N/A
267;137;27;2271662;2015-09-28;704.2;837;no entregado;N/A
268;139;28;2475058;2015-09-29;754.55;839;no entregado;N/A
269;141;29;2678454;2015-09-30;804.9;841;no entregado;N/A
270;143;30;2881850;2015-10-01;855.25;843;no entregado;N/A
271;145;31;1254682;2015-10-02;905.6;845;no entregado;N/A
272;147;32;1458078;2015-10-03;955.95;847;no entregado;N/A
273;149;33;1661474;2015-10-04;150.35;849;no entregado;N/A
274;151;34;1864870;2015-10-05;200.7;851;entregado;N/A
275;153;35;2068266;2015-10-06;251.05;853;entregado;N/A
276;155;36;2271662;2015-10-07;301.4;855;entregado;N/A
277;157;37;2475058;2015-10-08;351.75;857;entregado;N/A
278;159;38;2678454;2015-10-09;402.1;859;entregado;N/A
279;161;39;2881850;2015-10-10;452.45;861;entregado;N/A
280;163;40;1254682;2015-10-11;502.8;863;entregado;N/A
281;165;1;1458078;2015-10-12;553.15;865;no entregado;N/A
282;167;2;1661474;2015-10-13;603.5;867;no entregado;N/A
283;169;3;1864870;2015-10-14;653.85;869;no entregado;N/A
284;171;4;2068266;2015-10-15;704.2;871;no entregado;N/A
285;173;5;2271662;2015-10-16;754.55;873;no entregado;N/A
286;175;6;2475058;2015-10-17;804.9;875;no entregado;N/A
287;177;7;2678454;2015-10-18;855.25;877;no entregado;N/A
288;179;8;2881850;2015-10-19;905.6;879;no entregado;N/A
289;181;9;1254682;2015-10-20;955.95;881;no entregado;N/A
290;183;10;1458078;2015-10-21;150.35;883;no entregado;N/A
291;185;11;1661474;2015-10-22;200.7;885;entregado;N/A
292;187;12;1864870;2015-10-23;251.05;887;entregado;N/A
293;189;13;2068266;2015-10-24;301.4;889;entregado;N/A
294;191;14;2271662;2015-10-25;351.75;891;no entregado;N/A
295;193;15;2475058;2015-10-26;402.1;893;entregado;N/A
296;195;16;2678454;2015-10-27;452.45;895;entregado;N/A
297;197;17;2881850;2015-10-28;502.8;897;entregado;N/A
298;1;18;1254682;2015-10-29;553.15;899;entregado;N/A
299;3;19;1458078;2015-10-30;603.5;901;no entregado;N/A
300;5;20;1661474;2015-10-31;653.85;903;no entregado;N/A
301;7;21;1864870;2015-11-01;704.2;905;no entregado;N/A
302;9;22;2068266;2015-11-02;754.55;907;no entregado;N/A
303;11;23;2271662;2015-11-03;804.9;909;no entregado;N/A
304;13;24;2475058;2015-11-04;855.25;911;no entregado;N/A
305;15;25;2678454;2015-11-05;905.6;913;no entregado;N/A
306;17;26;2881850;2015-11-06;955.95;915;entregado;N/A
307;19;27;1254682;2015-11-07;150.35;917;entregado;N/A
308;21;28;1458078;2015-11-08;200.7;919;entregado;N/A
309;23;29;1661474;2015-11-09;251.05;921;entregado;N/A
310;25;30;1864870;2015-11-10;301.4;923;entregado;N/A
311;27;31;2068266;2015-11-11;351.75;925;entregado;N/A
312;29;32;2271662;2015-11-12;402.1;927;entregado;N/A
313;31;33;2475058;2015-11-13;452.45;929;no entregado;N/A
314;33;34;2678454;2015-11-14;502.8;931;no entregado;N/A
315;35;35;2881850;2015-11-15;553.15;933;no entregado;N/A
316;37;36;1254682;2015-11-16;603.5;935;no entregado;N/A
317;39;37;1458078;2015-11-17;653.85;937;no entregado;N/A
318;41;38;1661474;2015-11-18;704.2;939;no entregado;N/A
319;43;39;1864870;2015-11-19;754.55;941;no entregado;N/A
320;45;40;2068266;2015-11-20;804.9;943;no entregado;N/A
321;47;1;2271662;2015-11-21;855.25;945;no entregado;N/A
322;49;2;2475058;2015-11-22;905.6;947;no entregado;N/A
323;51;3;2678454;2015-11-23;955.95;949;entregado;N/A
324;53;4;2881850;2015-11-24;150.35;951;entregado;N/A
325;55;5;1254682;2015-11-25;200.7;953;entregado;N/A
326;57;6;1458078;2015-11-26;251.05;955;no entregado;N/A
327;59;7;1661474;2015-11-27;301.4;957;entregado;N/A
328;61;8;1864870;2015-11-28;351.75;959;entregado;N/A
329;63;9;2068266;2015-11-29;402.1;961;entregado;N/A
330;65;10;2271662;2015-11-30;452.45;963;entregado;N/A
331;67;11;2475058;2015-12-01;502.8;965;no entregado;N/A
332;69;12;2678454;2015-12-02;553.15;967;no entregado;N/A
333;71;13;2881850;2015-12-03;603.5;969;no entregado;N/A
334;73;14;1254682;2015-12-04;653.85;971;no entregado;N/A
335;75;15;1458078;2015-12-05;704.2;973;no entregado;N/A
336;77;16;1661474;2015-12-06;754.55;975;no entregado;N/A
337;79;17;1864870;2015-12-07;804.9;977;no entregado;N/A
338;81;18;2068266;2015-12-08;855.25;979;entregado;N/A
339;83;19;2271662;2015-12-09;905.6;981;entregado;N/A
340;85;20;2475058;2015-12-10;955.95;983;entregado;N/A
341;87;21;2678454;2015-12-11;150.35;985;entregado;N/A
342;89;22;2881850;2015-12-12;200.7;987;entregado;N/A
343;91;23;1254682;2015-12-13;251.05;989;entregado;N/A
344;93;24;1458078;2015-12-14;301.4;991;entregado;N/A
345;95;25;1661474;2015-12-15;351.75;993;no entregado;N/A
346;97;26;1864870;2015-12-16;402.1;995;no entregado;N/A
347;99;27;2068266;2015-12-17;452.45;997;no entregado;N/A
348;101;28;2271662;2015-12-18;502.8;999;no entregado;N/A
349;103;29;2475058;2015-12-19;553.15;1001;no entregado;N/A
350;105;30;2678454;2015-12-20;603.5;1003;no entregado;N/A
351;107;31;2881850;2015-12-21;653.85;1005;no entregado;N/A
352;109;32;1254682;2015-12-22;704.2;1007;no entregado;N/A
353;111;33;1458078;2015-12-23;754.55;1009;no entregado;N/A
354;113;34;1661474;2015-12-24;804.9;1011;no entregado;N/A
355;115;35;1864870;2015-12-25;855.25;1013;entregado;N/A
356;117;36;2068266;2015-12-26;905.6;1015;entregado;N/A
357;119;37;2271662;2015-12-27;955.95;1017;entregado;N/A
358;121;38;2475058;2015-12-28;150.35;1019;no entregado;N/A
359;123;39;2678454;2015-12-29;200.7;1021;entregado;N/A
360;125;40;2881850;2015-12-30;251.05;1023;entregado;N/A
361;127;1;1254682;2015-12-31;301.4;1025;entregado;N/A
362;129;2;1458078;2016-01-01;351.75;1027;entregado;N/A
363;131;3;1661474;2016-01-02;402.1;1029;no entregado;N/A
364;133;4;1864870;2016-01-03;452.45;1031;no entregado;N/A
365;135;5;2068266;2016-01-04;502.8;1033;no entregado;N/A
366;137;6;2271662;2016-01-05;553.15;1035;no entregado;N/A
367;139;7;2475058;2016-01-06;603.5;1037;no entregado;N/A
368;141;8;2678454;2016-01-07;653.85;1039;no entregado;N/A
369;143;9;2881850;2016-01-08;704.2;1041;no entregado;N/A
370;145;10;1254682;2016-01-09;754.55;1043;entregado;N/A
371;147;11;1458078;2016-01-10;804.9;1045;entregado;N/A
372;149;12;1661474;2016-01-11;855.25;1047;entregado;N/A
373;151;13;1864870;2016-01-12;905.6;1049;entregado;N/A
374;153;14;2068266;2016-01-13;955.95;1051;entregado;N/A
375;155;15;2271662;2016-01-14;150.35;1053;entregado;N/A
376;157;16;2475058;2016-01-15;200.7;1055;entregado;N/A
377;159;17;2678454;2016-01-16;251.05;1057;no entregado;N/A
378;161;18;2881850;2016-01-17;301.4;1059;no entregado;N/A
379;163;19;1254682;2016-01-18;351.75;1061;no entregado;N/A
380;165;20;1458078;2016-01-19;402.1;1063;no entregado;N/A
381;167;21;1661474;2016-01-20;452.45;1065;no entregado;N/A
382;169;22;1864870;2016-01-21;502.8;1067;no entregado;N/A
383;171;23;2068266;2016-01-22;553.15;1069;no entregado;N/A
384;173;24;2271662;2016-01-23;603.5;1071;no entregado;N/A
385;175;25;2475058;2016-01-24;653.85;1073;no entregado;N/A
386;177;26;2678454;2016-01-25;704.2;1075;no entregado;N/A
387;179;27;2881850;2016-01-26;754.55;1077;entregado;N/A
388;181;28;1254682;2016-01-27;804.9;1079;entregado;N/A
389;183;29;1458078;2016-01-28;855.25;1081;entregado;N/A
390;185;30;1661474;2016-01-29;905.6;1083;no entregado;N/A
391;187;31;1864870;2016-01-30;955.95;1085;entregado;N/A
392;189;32;2068266;2016-01-31;150.35;1087;entregado;N/A
393;191;33;2271662;2016-02-01;200.7;1089;entregado;N/A
394;193;34;2475058;2016-02-02;251.05;1091;entregado;N/A
395;195;35;2678454;2016-02-03;301.4;1093;no entregado;N/A
396;197;36;2881850;2016-02-04;351.75;1095;no entregado;N/A
397;1;37;1254682;2016-02-05;402.1;1097;no entregado;N/A
398;3;38;1458078;2016-02-06;452.45;1099;no entregado;N/A
399;5;39;1661474;2016-02-07;502.8;1101;no entregado;N/A
400;7;40;1864870;2016-02-08;553.15;1103;no entregado;N/A
401;9;1;2068266;2016-02-09;603.5;1105;no entregado;N/A
402;11;2;2271662;2016-02-10;653.85;1107;entregado;N/A
403;13;3;2475058;2016-02-11;704.2;1109;entregado;N/A
404;15;4;2678454;2016-02-12;754.55;1111;entregado;N/A
405;17;5;2881850;2016-02-13;804.9;1113;entregado;N/A
406;19;6;1254682;2016-02-14;855.25;1115;entregado;N/A
407;21;7;1458078;2016-02-15;905.6;1117;entregado;N/A
408;23;8;1661474;2016-02-16;955.95;1119;entregado;N/A
409;25;9;1864870;2016-02-17;150.35;1121;no entregado;N/A
410;27;10;2068266;2016-02-18;200.7;1123;no entregado;N/A
411;29;11;2271662;2016-02-19;251.05;1125;no entregado;N/A
412;31;12;2475058;2016-02-20;301.4;1127;no entregado;N/A
413;33;13;2678454;2016-02-21;351.75;1129;no entregado;N/A
414;35;14;2881850;2016-02-22;402.1;1131;no entregado;N/A
415;37;15;1254682;2016-02-23;452.45;1133;no entregado;N/A
416;39;16;1458078;2016-02-24;502.8;1135;no entregado;N/A
417;41;17;1661474;2016-02-25;553.15;1137;no entregado;N/A
418;43;18;1864870;2016-02-26;603.5;1139;no entregado;N/A
419;45;19;2068266;2016-02-27;653.85;1141;entregado;N/A
420;47;20;2271662;2016-02-28;704.2;1143;entregado;N/A
421;49;21;2475058;2016-02-29;754.55;1145;entregado;N/A
422;51;22;2678454;2016-03-01;804.9;1147;no entregado;N/A
423;53;23;2881850;2016-03-02;855.25;1149;entregado;N/A
424;55;24;1254682;2016-03-03;905.6;1151;entregado;N/A
425;57;25;1458078;2016-03-04;955.95;1153;entregado;N/A
426;59;26;1661474;2016-03-05;150.35;1155;entregado;N/A
427;61;27;1864870;2016-03-06;200.7;1157;no entregado;N/A
428;63;28;2068266;2016-03-07;251.05;1159;no entregado;N/A
429;65;29;2271662;2016-03-08;301.4;1161;no entregado;N/A
430;67;30;2475058;2016-03-09;351.75;1163;no entregado;N/A
431;69;31;2678454;2016-03-10;402.1;1165;no entregado;N/A
432;71;32;2881850;2016-03-11;452.45;1167;no entregado;N/A
433;73;33;1254682;2016-03-12;502.8;1169;no entregado;N/A
434;75;34;1458078;2016-03-13;553.15;1171;entregado;N/A
435;77;35;1661474;2016-03-14;603.5;1173;entregado;N/A
436;79;36;1864870;2016-03-15;653.85;1175;entregado;N/A
437;81;37;2068266;2016-03-16;704.2;1177;entregado;N/A
438;83;38;2271662;2016-03-17;754.55;1179;entregado;N/A
439;85;39;2475058;2016-03-18;804.9;1181;entregado;N/A
440;87;40;2678454;2016-03-19;855.25;1183;entregado;N/A
441;89;1;2881850;2016-03-20;905.6;1185;no entregado;N/A
442;91;2;1254682;2016-03-21;955.95;1187;no entregado;N/A
443;93;3;1458078;2016-03-22;150.35;1189;no entregado;N/A
444;95;4;1661474;2016-03-23;200.7;1191;no entregado;N/A
445;97;5;1864870;2016-03-24;251.05;1193;no entregado;N/A
446;99;6;2068266;2016-03-25;301.4;1195;no entregado;N/A
447;101;7;2271662;2016-03-26;351.75;1197;no entregado;N/A
448;103;8;2475058;2016-03-27;402.1;1199;no entregado;N/A
449;105;9;2678454;2016-03-28;452.45;1201;no entregado;N/A
450;107;10;2881850;2016-03-29;502.8;1203;no entregado;N/A
451;109;11;1254682;2016-03-30;553.15;1205;entregado;N/A
452;111;12;1458078;2016-03-31;603.5;1207;entregado;N/A
453;113;13;1661474;2016-04-01;653.85;1209;entregado;N/A
454;115;14;1864870;2016-04-02;704.2;1211;no entregado;N/A
455;117;15;2068266;2016-04-03;754.55;1213;entregado;N/A
456;119;16;2271662;2016-04-04;804.9;1215;entregado;N/A
457;121;17;2475058;2016-04-05;855.25;1217;entregado;N/A
458;123;18;2678454;2016-04-06;905.6;1219;entregado;N/A
459;125;19;2881850;2016-04-07;955.95;1221;no entregado;N/A
460;127;20;1254682;2016-04-08;150.35;1223;no entregado;N/A
461;129;21;1458078;2016-04-09;200.7;1225;no entregado;N/A
462;131;22;1661474;2016-04-10;251.05;1227;no entregado;N/A
463;133;23;1864870;2016-04-11;301.4;1229;no entregado;N/A
464;135;24;2068266;2016-04-12;351.75;1231;no entregado;N/A
465;137;25;2271662;2016-04-13;402.1;1233;no entregado;N/A
466;139;26;2475058;2016-04-14;452.45;1235;entregado;N/A
467;141;27;2678454;2016-04-15;502.8;1237;entregado;N/A
468;143;28;2881850;2016-04-16;553.15;1239;entregado;N/A
469;145;29;1254682;2016-04-17;603.5;1241;entregado;N/A
470;147;30;1458078;2016-04-18;653.85;1243;entregado;N/A
471;149;31;1661474;2016-04-19;704.2;1245;entregado;N/A
472;151;32;1864870;2016-04-20;754.55;1247;entregado;N/A
473;153;33;2068266;2016-04-21;804.9;1249;no entregado;N/A
474;155;34;2271662;2016-04-22;855.25;1251;no entregado;N/A
475;157;35;2475058;2016-04-23;905.6;1253;no entregado;N/A
476;159;36;2678454;2016-04-24;955.95;1255;no entregado;N/A
477;161;37;2881850;2016-04-25;150.35;1257;no entregado;N/A
478;163;38;1254682;2016-04-26;200.7;1259;no entregado;N/A
479;165;39;1458078;2016-04-27;251.05;1261;no entregado;N/A
480;167;40;1661474;2016-04-28;301.4;1263;no entregado;N/A
481;169;1;1864870;2016-04-29;351.75;1265;no entregado;N/A
482;171;2;2068266;2016-04-30;402.1;1267;no entregado;N/A
483;173;3;2271662;2016-05-01;452.45;1269;entregado;N/A
484;175;4;2475058;2016-05-02;502.8;1271;entregado;N/A
485;177;5;2678454;2016-05-03;553.15;1273;entregado;N/A
486;179;6;2881850;2016-05-04;603.5;1275;no entregado;N/A
487;181;7;1254682;2016-05-05;653.85;1277;entregado;N/A
488;183;8;1458078;2016-05-06;704.2;1279;entregado;N/A
489;185;9;1661474;2016-05-07;754.55;1281;entregado;N/A
490;187;10;1864870;2016-05-08;804.9;1283;entregado;N/A
491;189;11;2068266;2016-05-09;855.25;1285;no entregado;N/A
492;191;12;2271662;2016-05-10;905.6;1287;no entregado;N/A
493;193;13;2475058;2016-05-11;955.95;1289;no entregado;N/A
494;195;14;2678454;2016-05-12;150.35;1291;no entregado;N/A
495;197;15;2881850;2016-05-13;200.7;1293;no entregado;N/A
496;1;16;1254682;2016-05-14;251.05;1295;no entregado;N/A
497;3;17;1458078;2016-05-15;301.4;1297;no entregado;N/A
498;5;18;1661474;2016-05-16;351.75;1299;entregado;N/A
499;7;19;1864870;2016-05-17;402.1;1301;entregado;N/A
500;9;20;2068266;2016-05-18;452.45;1303;entregado;N/A
501;11;21;2271662;2016-05-19;553.15;1305;entregado;N/A
502;13;22;2475058;2016-05-20;603.5;1307;entregado;N/A
503;15;23;2678454;2016-05-21;653.85;1309;entregado;N/A
504;17;24;2881850;2016-05-22;704.2;1311;entregado;N/A
505;19;25;1254682;2016-05-23;754.55;1313;no entregado;N/A
506;21;26;1458078;2016-05-24;804.9;1315;no entregado;N/A
507;23;27;1661474;2016-05-25;855.25;1317;no entregado;N/A
508;25;28;1864870;2016-05-26;905.6;1319;no entregado;N/A
509;27;29;2068266;2016-05-27;955.95;1321;no entregado;N/A
510;29;30;2271662;2016-05-28;150.35;1323;no entregado;N/A
511;31;31;2475058;2016-05-29;200.7;1325;no entregado;N/A
512;33;32;2678454;2016-05-30;251.05;1327;no entregado;N/A
513;35;33;2881850;2016-05-31;301.4;1329;no entregado;N/A
514;37;34;1254682;2016-06-01;351.75;1331;no entregado;N/A
515;39;35;1458078;2016-06-02;402.1;1333;entregado;N/A
516;41;36;1661474;2016-06-03;452.45;1335;entregado;N/A
517;43;37;1864870;2016-06-04;502.8;1337;entregado;N/A
518;45;38;2068266;2016-06-05;553.15;1339;no entregado;N/A
519;47;39;2271662;2016-06-06;603.5;1341;entregado;N/A
520;49;40;2475058;2016-06-07;653.85;1343;entregado;N/A
521;51;1;2678454;2016-06-08;704.2;1345;entregado;N/A
522;53;2;2881850;2016-06-09;754.55;1347;entregado;N/A
523;55;3;1254682;2016-06-10;804.9;1349;no entregado;N/A
524;57;4;1458078;2016-06-11;855.25;1351;no entregado;N/A
525;59;5;1661474;2016-06-12;905.6;1353;no entregado;N/A
526;61;6;1864870;2016-06-13;955.95;1355;no entregado;N/A
527;63;7;2068266;2016-06-14;150.35;1357;no entregado;N/A
528;65;8;2271662;2016-06-15;200.7;1359;no entregado;N/A
529;67;9;2475058;2016-06-16;251.05;1361;no entregado;N/A
530;69;10;2678454;2016-06-17;301.4;1363;entregado;N/A
531;71;11;2881850;2016-06-18;351.75;1365;entregado;N/A
532;73;12;1254682;2016-06-19;402.1;1367;entregado;N/A
533;75;13;1458078;2016-06-20;452.45;1369;entregado;N/A
534;77;14;1661474;2016-06-21;502.8;1371;entregado;N/A
535;79;15;1864870;2016-06-22;553.15;1373;entregado;N/A
536;81;16;2068266;2016-06-23;603.5;1375;entregado;N/A
537;83;17;2271662;2016-06-24;653.85;1377;no entregado;N/A
538;85;18;2475058;2016-06-25;704.2;1379;no entregado;N/A
539;87;19;2678454;2016-06-26;754.55;1381;no entregado;N/A
540;89;20;2881850;2016-06-27;804.9;1383;no entregado;N/A
541;91;21;1254682;2016-06-28;855.25;1385;no entregado;N/A
542;93;22;1458078;2016-06-29;905.6;1387;no entregado;N/A
543;95;23;1661474;2016-06-30;955.95;1389;no entregado;N/A
544;97;24;1864870;2016-07-01;150.35;1391;no entregado;N/A
545;99;25;2068266;2016-07-02;200.7;1393;no entregado;N/A
546;101;26;2271662;2016-07-03;251.05;1395;no entregado;N/A
547;103;27;2475058;2016-07-04;301.4;1397;entregado;N/A
548;105;28;2678454;2016-07-05;351.75;1399;entregado;N/A
549;107;29;2881850;2016-07-06;402.1;1401;entregado;N/A
550;109;30;1254682;2016-07-07;452.45;1403;no entregado;N/A
551;111;31;1458078;2016-07-08;502.8;1405;entregado;N/A
552;113;32;1661474;2016-07-09;553.15;1407;entregado;N/A
553;115;33;1864870;2016-07-10;603.5;1409;entregado;N/A
554;117;34;2068266;2016-07-11;653.85;1411;entregado;N/A
555;119;35;2271662;2016-07-12;704.2;1413;no entregado;N/A
556;121;36;2475058;2016-07-13;754.55;1415;no entregado;N/A
557;123;37;2678454;2016-07-14;804.9;1417;no entregado;N/A
558;125;38;2881850;2016-07-15;855.25;1419;no entregado;N/A
559;127;39;1254682;2016-07-16;905.6;1421;no entregado;N/A
560;129;40;1458078;2016-07-17;955.95;1423;no entregado;N/A
561;131;1;1661474;2016-07-18;150.35;1425;no entregado;N/A
562;133;2;1864870;2016-07-19;200.7;1427;entregado;N/A
563;135;3;2068266;2016-07-20;251.05;1429;entregado;N/A
564;137;4;2271662;2016-07-21;301.4;1431;entregado;N/A
565;139;5;2475058;2016-07-22;351.75;1433;entregado;N/A
566;141;6;2678454;2016-07-23;402.1;1435;entregado;N/A
567;143;7;2881850;2016-07-24;452.45;1437;entregado;N/A
568;145;8;1254682;2016-07-25;502.8;1439;entregado;N/A
569;147;9;1458078;2016-07-26;553.15;1441;no entregado;N/A
570;149;10;1661474;2016-07-27;603.5;1443;no entregado;N/A
571;151;11;1864870;2016-07-28;653.85;1445;no entregado;N/A
572;153;12;2068266;2016-07-29;704.2;1447;no entregado;N/A
573;155;13;2271662;2016-07-30;754.55;1449;no entregado;N/A
574;157;14;2475058;2016-07-31;804.9;1451;no entregado;N/A
575;159;15;2678454;2016-08-01;855.25;1453;no entregado;N/A
576;161;16;2881850;2016-08-02;905.6;1455;no entregado;N/A
577;163;17;1254682;2016-08-03;955.95;1457;no entregado;N/A
578;165;18;1458078;2016-08-04;150.35;1459;no entregado;N/A
579;167;19;1661474;2016-08-05;200.7;1461;entregado;N/A
580;169;20;1864870;2016-08-06;251.05;1463;entregado;N/A
581;171;21;2068266;2016-08-07;301.4;1465;entregado;N/A
582;173;22;2271662;2016-08-08;351.75;1467;no entregado;N/A
583;175;23;2475058;2016-08-09;402.1;1469;entregado;N/A
584;177;24;2678454;2016-08-10;452.45;1471;entregado;N/A
585;179;25;2881850;2016-08-11;502.8;1473;entregado;N/A
586;181;26;1254682;2016-08-12;553.15;1475;entregado;N/A
587;183;27;1458078;2016-08-13;603.5;1477;no entregado;N/A
588;185;28;1661474;2016-08-14;653.85;1479;no entregado;N/A
589;187;29;1864870;2016-08-15;704.2;1481;no entregado;N/A
590;189;30;2068266;2016-08-16;754.55;1483;no entregado;N/A
591;191;31;2271662;2016-08-17;804.9;1485;no entregado;N/A
592;193;32;2475058;2016-08-18;855.25;1487;no entregado;N/A
593;195;33;2678454;2016-08-19;905.6;1489;no entregado;N/A
594;197;34;2881850;2016-08-20;955.95;1491;entregado;N/A
595;1;35;2881850;2016-08-21;150.35;1493;entregado;N/A
596;2;36;1254682;2016-08-22;200.7;1495;entregado;N/A
597;3;37;1458078;2016-08-23;251.05;1497;entregado;N/A
598;4;38;1661474;2016-08-24;301.4;1499;entregado;N/A
599;5;39;1864870;2016-08-25;351.75;1501;entregado;N/A
600;6;40;1661474;2016-08-26;402.1;1503;entregado;N/A
